소관,입출분류,회계분류,계정,관,항,금액_원안,계정별합계_원안,회계분류별합계_원안,소관총계_원안,증감액,수정금액_확정안,회계분류별합계_확정안,소관총계_확정안
대통령비서실 및 국가안보실,세입,일반회계,-,재산수입,관유물대여료,53000000,,94000000,94000000,0,53000000,94000000,94000000
대통령비서실 및 국가안보실,세입,일반회계,-,경상이전수입,기타경상이전수입,21000000,,,,0,21000000,,
대통령비서실 및 국가안보실,세입,일반회계,-,재화및용역판매수입,잡수입,20000000,,,,0,20000000,,
대통령경호처,세입,일반회계,-,재산수입,관유물대여료,58000000,,123000000,123000000,0,58000000,123000000,123000000
대통령경호처,세입,일반회계,-,재화및용역판매수입,면허료및수수료,2000000,,,,0,2000000,,
대통령경호처,세입,일반회계,-,재화및용역판매수입,잡수입,63000000,,,,0,63000000,,
국회,세입,일반회계,-,재산수입,관유물대여료,801000000,,2601000000,2601000000,0,801000000,2601000000,2601000000
국회,세입,일반회계,-,재산수입,기타이자수입및재산수입,5000000,,,,0,5000000,,
국회,세입,일반회계,-,경상이전수입,변상금및위약금,33000000,,,,0,33000000,,
국회,세입,일반회계,-,경상이전수입,기타경상이전수입,700000000,,,,0,700000000,,
국회,세입,일반회계,-,재화및용역판매수입,면허료및수수료,110000000,,,,0,110000000,,
국회,세입,일반회계,-,재화및용역판매수입,잡수입,770000000,,,,0,770000000,,
국회,세입,일반회계,-,수입대체경비수입,잡수입,132000000,,,,0,132000000,,
국회,세입,일반회계,-,관유물매각대,고정자산매각대,50000000,,,,0,50000000,,
대법원,세입,일반회계,-,재산수입,관유물대여료,3356000000,,607928000000,922602000000,0,3356000000,600795000000,915469000000
대법원,세입,일반회계,-,재산수입,기타이자수입및재산수입,40000000,,,,0,40000000,,
대법원,세입,일반회계,-,경상이전수입,"벌금,몰수금및과태료",100000000,,,,0,100000000,,
대법원,세입,일반회계,-,경상이전수입,변상금및위약금,235000000,,,,0,235000000,,
대법원,세입,일반회계,-,경상이전수입,기타경상이전수입,138144000000,,,,0,138144000000,,
대법원,세입,일반회계,-,재화및용역판매수입,면허료및수수료,391423000000,,,,-7283000000,384140000000,,
대법원,세입,일반회계,-,재화및용역판매수입,잡수입,146000000,,,,0,146000000,,
대법원,세입,일반회계,-,정부내부수입및기타,전입금,74484000000,,,,150000000,74634000000,,
대법원,세입,등기특별회계,-,재산수입,관유물대여료,95000000,,314674000000,,0,95000000,314674000000,
대법원,세입,등기특별회계,-,재산수입,기타이자수입및재산수입,148000000,,,,0,148000000,,
대법원,세입,등기특별회계,-,경상이전수입,기타경상이전수입,19000000,,,,0,19000000,,
대법원,세입,등기특별회계,-,재화및용역판매수입,면허료및수수료,288294000000,,,,0,288294000000,,
대법원,세입,등기특별회계,-,재화및용역판매수입,잡수입,7000000,,,,0,7000000,,
대법원,세입,등기특별회계,-,관유물매각대,고정자산매각대,1339000000,,,,0,1339000000,,
대법원,세입,등기특별회계,-,관유물매각대,토지및무형자산매각대,9772000000,,,,0,9772000000,,
대법원,세입,등기특별회계,-,전년도이월금,전년도이월금,15000000000,,,,0,15000000000,,
헌법재판소,세입,일반회계,-,재화및용역판매수입,면허료및수수료,8000000,,26000000,26000000,0,8000000,26000000,26000000
헌법재판소,세입,일반회계,-,재화및용역판매수입,잡수입,18000000,,,,0,18000000,,
중앙선거관리위원회,세입,일반회계,-,재산수입,관유물대여료,36000000,,838000000,838000000,0,36000000,838000000,838000000
중앙선거관리위원회,세입,일반회계,-,재산수입,기타이자수입및재산수입,10000000,,,,0,10000000,,
중앙선거관리위원회,세입,일반회계,-,경상이전수입,"벌금,몰수금및과태료",100000000,,,,0,100000000,,
중앙선거관리위원회,세입,일반회계,-,경상이전수입,기타경상이전수입,662000000,,,,0,662000000,,
중앙선거관리위원회,세입,일반회계,-,재화및용역판매수입,잡수입,30000000,,,,0,30000000,,
민주평화통일자문회의,세입,일반회계,-,재산수입,기타이자수입및재산수입,4000000,,5000000,5000000,0,4000000,5000000,5000000
민주평화통일자문회의,세입,일반회계,-,경상이전수입,기타경상이전수입,1000000,,,,0,1000000,,
감사원,세입,일반회계,-,재산수입,관유물대여료,23000000,,475000000,475000000,0,23000000,475000000,475000000
감사원,세입,일반회계,-,경상이전수입,기타경상이전수입,20000000,,,,0,20000000,,
감사원,세입,일반회계,-,수입대체경비수입,잡수입,432000000,,,,0,432000000,,
국가정보원,세입,일반회계,-,재산수입,기타이자수입및재산수입,22439000000,,22439000000,22439000000,0,22439000000,22439000000,22439000000
기획재정부,세입,일반회계,-,내국세,소득세,80478000000000,,325197251000000,334865210000000,-110200000000,80367800000000,324362651900000,334239612900000
기획재정부,세입,일반회계,-,내국세,법인세,79266400000000,,,,-16300000000,79250100000000,,
기획재정부,세입,일반회계,-,내국세,상속세,7228100000000,,,,-200000000,7227900000000,,
기획재정부,세입,일반회계,-,내국세,부가가치세,72245200000000,,,,-3493300000000,68751900000000,,
기획재정부,세입,일반회계,-,내국세,개별소비세,10360200000000,,,,-60700000000,10299500000000,,
기획재정부,세입,일반회계,-,내국세,증권거래세,4533900000000,,,,0,4533900000000,,
기획재정부,세입,일반회계,-,내국세,인지세,949400000000,,,,-5500000000,943900000000,,
기획재정부,세입,일반회계,-,내국세,기타내국세,4255400000000,,,,0,4255400000000,,
기획재정부,세입,일반회계,-,관세,관세,9053700000000,,,,2000000000,9055700000000,,
기획재정부,세입,일반회계,-,교통.에너지.환경세,교통.에너지.환경세,15786000000000,,,,-1009400000000,14776600000000,,
기획재정부,세입,일반회계,-,교육세,교육세,5025500000000,,,,-160700000000,4864800000000,,
기획재정부,세입,일반회계,-,종합부동산세,종합부동산세,2577000000000,,,,272400000000,2849400000000,,
기획재정부,세입,일반회계,-,재산수입,정부출자수입,697294000000,,,,0,697294000000,,
기획재정부,세입,일반회계,-,재산수입,기타이자수입및재산수입,2113350000000,,,,0,2113350000000,,
기획재정부,세입,일반회계,-,경상이전수입,"벌금,몰수금및과태료",270000000,,,,0,270000000,,
기획재정부,세입,일반회계,-,경상이전수입,변상금및위약금,3000000,,,,0,3000000,,
기획재정부,세입,일반회계,-,경상이전수입,가산금,1000000,,,,0,1000000,,
기획재정부,세입,일반회계,-,경상이전수입,기타경상이전수입,8747000000,,,,-100000,8746900000,,
기획재정부,세입,일반회계,-,재화및용역판매수입,잡수입,2000000,,,,0,2000000,,
기획재정부,세입,일반회계,-,차입금및여유자금회수,유가증권매각대,27768000000,,,,0,27768000000,,
기획재정부,세입,일반회계,-,정부내부수입및기타,전입금,235092000000,,,,-715000000,234377000000,,
기획재정부,세입,일반회계,-,정부내부수입및기타,예탁원금회수,289000000000,,,,0,289000000000,,
기획재정부,세입,일반회계,-,정부내부수입및기타,예수금,30066924000000,,,,3748016000000,33814940000000,,
기획재정부,세입,국가균형발전특별회계,지역자율계정,내국세,주세,1374120000000,5198826000000,9667959000000,,-60000000,1374060000000,9876961000000,
기획재정부,세입,국가균형발전특별회계,지역자율계정,전년도이월금,전년도이월금,0,,,,-69400000000,-69400000000,,
기획재정부,세입,국가균형발전특별회계,지역자율계정,정부내부수입및기타,전입금,3824706000000,,,,84214000000,3908920000000,,
기획재정부,세입,국가균형발전특별회계,지역지원계정,내국세,주세,2061180000000,4032669000000,,,-90000000,2061090000000,,
기획재정부,세입,국가균형발전특별회계,지역지원계정,전년도이월금,전년도이월금,258126000000,,,,0,258126000000,,
기획재정부,세입,국가균형발전특별회계,지역지원계정,정부내부수입및기타,전입금,1713363000000,,,,193375000000,1906738000000,,
기획재정부,세입,국가균형발전특별회계,제주특별자치도계정,전년도이월금,전년도이월금,116851000000,333781000000,,,0,116851000000,,
기획재정부,세입,국가균형발전특별회계,제주특별자치도계정,정부내부수입및기타,전입금,216930000000,,,,150000000,217080000000,,
기획재정부,세입,국가균형발전특별회계,세종특별자치시계정,전년도이월금,전년도이월금,31917000000,102683000000,,,0,31917000000,,
기획재정부,세입,국가균형발전특별회계,세종특별자치시계정,정부내부수입및기타,전입금,70766000000,,,,813000000,71579000000,,
교육부,세입,일반회계,-,재산수입,관유물대여료,296000000,,201106000000,3956517000000,0,296000000,201106000000,4027818000000
교육부,세입,일반회계,-,재산수입,전대차관이자수입,2000000,,,,0,2000000,,
교육부,세입,일반회계,-,재산수입,기타이자수입및재산수입,10783000000,,,,0,10783000000,,
교육부,세입,일반회계,-,경상이전수입,변상금및위약금,107000000,,,,0,107000000,,
교육부,세입,일반회계,-,경상이전수입,가산금,9000000,,,,0,9000000,,
교육부,세입,일반회계,-,경상이전수입,기타경상이전수입,114348000000,,,,0,114348000000,,
교육부,세입,일반회계,-,재화및용역판매수입,입학금및수업료,8084000000,,,,0,8084000000,,
교육부,세입,일반회계,-,재화및용역판매수입,잡수입,73000000,,,,0,73000000,,
교육부,세입,일반회계,-,수입대체경비수입,면허료및수수료,10104000000,,,,0,10104000000,,
교육부,세입,일반회계,-,수입대체경비수입,잡수입,5237000000,,,,0,5237000000,,
교육부,세입,일반회계,-,융자및전대차관원금회수,전대차관원금회수,54000000,,,,0,54000000,,
교육부,세입,일반회계,-,정부내부수입및기타,전입금,52009000000,,,,0,52009000000,,
교육부,세입,국가균형발전특별회계,지역지원계정,재산수입,기타이자수입및재산수입,1363000000,11374000000,11374000000,,0,1363000000,11374000000,
교육부,세입,국가균형발전특별회계,지역지원계정,경상이전수입,기타경상이전수입,10011000000,,,,0,10011000000,,
교육부,세입,유아교육지원특별회계,-,정부내부수입및기타,전입금,3744037000000,,3744037000000,,71301000000,3815338000000,3815338000000,
과학기술정보통신부,세입,일반회계,-,재산수입,관유물대여료,113000000,,358523000000,9436836000000,0,113000000,358523000000,9436864000000
과학기술정보통신부,세입,일반회계,-,경상이전수입,"벌금,몰수금및과태료",3537000000,,,,0,3537000000,,
과학기술정보통신부,세입,일반회계,-,경상이전수입,가산금,50000000,,,,0,50000000,,
과학기술정보통신부,세입,일반회계,-,경상이전수입,기타경상이전수입,46911000000,,,,0,46911000000,,
과학기술정보통신부,세입,일반회계,-,재화및용역판매수입,면허료및수수료,257827000000,,,,0,257827000000,,
과학기술정보통신부,세입,일반회계,-,재화및용역판매수입,잡수입,85000000,,,,0,85000000,,
과학기술정보통신부,세입,일반회계,-,정부내부수입및기타,전입금,50000000000,,,,0,50000000000,,
과학기술정보통신부,세입,우체국보험특별회계,-,경상이전수입,기타경상이전수입,300000000,,988744000000,,0,300000000,988744000000,
과학기술정보통신부,세입,우체국보험특별회계,-,재화및용역판매수입,잡수입,988444000000,,,,0,988444000000,,
과학기술정보통신부,세입,국가균형발전특별회계,지역지원계정,경상이전수입,기타경상이전수입,5142000000,5142000000,5142000000,,0,5142000000,5142000000,
과학기술정보통신부,세입,책임운영기관특별회계,국립중앙과학관손익계정,기업특별회계영업수입,책임운영기관사업수입,1256000000,24539000000,71824000000,,0,1256000000,71824000000,
과학기술정보통신부,세입,책임운영기관특별회계,국립중앙과학관손익계정,재산수입,관유물대여료,141000000,,,,0,141000000,,
과학기술정보통신부,세입,책임운영기관특별회계,국립중앙과학관손익계정,재화및용역판매수입,잡수입,27000000,,,,0,27000000,,
과학기술정보통신부,세입,책임운영기관특별회계,국립중앙과학관손익계정,전년도이월금,전년도이월금,876000000,,,,0,876000000,,
과학기술정보통신부,세입,책임운영기관특별회계,국립중앙과학관손익계정,정부내부수입및기타,전입금,22239000000,,,,0,22239000000,,
과학기술정보통신부,세입,책임운영기관특별회계,국립과천과학관손익계정,기업특별회계영업수입,책임운영기관사업수입,4610000000,27408000000,,,0,4610000000,,
과학기술정보통신부,세입,책임운영기관특별회계,국립과천과학관손익계정,재산수입,관유물대여료,1316000000,,,,0,1316000000,,
과학기술정보통신부,세입,책임운영기관특별회계,국립과천과학관손익계정,재화및용역판매수입,잡수입,411000000,,,,0,411000000,,
과학기술정보통신부,세입,책임운영기관특별회계,국립과천과학관손익계정,전년도이월금,전년도이월금,421000000,,,,0,421000000,,
과학기술정보통신부,세입,책임운영기관특별회계,국립과천과학관손익계정,정부내부수입및기타,전입금,20650000000,,,,0,20650000000,,
과학기술정보통신부,세입,책임운영기관특별회계,국립중앙과학관자본계정,관유물매각대,고정자산매각대,2000000,12879000000,,,0,2000000,,
과학기술정보통신부,세입,책임운영기관특별회계,국립중앙과학관자본계정,전년도이월금,전년도이월금,397000000,,,,0,397000000,,
과학기술정보통신부,세입,책임운영기관특별회계,국립중앙과학관자본계정,정부내부수입및기타,전입금,11289000000,,,,0,11289000000,,
과학기술정보통신부,세입,책임운영기관특별회계,국립중앙과학관자본계정,정부내부수입및기타,기타,1191000000,,,,0,1191000000,,
과학기술정보통신부,세입,책임운영기관특별회계,국립과천과학관자본계정,전년도이월금,전년도이월금,619000000,6998000000,,,0,619000000,,
과학기술정보통신부,세입,책임운영기관특별회계,국립과천과학관자본계정,정부내부수입및기타,전입금,4878000000,,,,0,4878000000,,
과학기술정보통신부,세입,책임운영기관특별회계,국립과천과학관자본계정,정부내부수입및기타,기타,1501000000,,,,0,1501000000,,
과학기술정보통신부,세입,우편사업특별회계,손익계정,기업특별회계영업수입,우정사업수입,3207615000000,4731252000000,4919744000000,,0,3207615000000,4919754000000,
과학기술정보통신부,세입,우편사업특별회계,손익계정,재산수입,관유물대여료,36634000000,,,,0,36634000000,,
과학기술정보통신부,세입,우편사업특별회계,손익계정,재산수입,기타이자수입및재산수입,6622000000,,,,0,6622000000,,
과학기술정보통신부,세입,우편사업특별회계,손익계정,경상이전수입,변상금및위약금,259000000,,,,0,259000000,,
과학기술정보통신부,세입,우편사업특별회계,손익계정,경상이전수입,기타경상이전수입,2760000000,,,,0,2760000000,,
과학기술정보통신부,세입,우편사업특별회계,손익계정,재화및용역판매수입,잡수입,26601000000,,,,0,26601000000,,
과학기술정보통신부,세입,우편사업특별회계,손익계정,전년도이월금,전년도이월금,281496000000,,,,0,281496000000,,
과학기술정보통신부,세입,우편사업특별회계,손익계정,정부내부수입및기타,전입금,826742000000,,,,0,826742000000,,
과학기술정보통신부,세입,우편사업특별회계,손익계정,정부내부수입및기타,예탁원금회수,317381000000,,,,0,317381000000,,
과학기술정보통신부,세입,우편사업특별회계,손익계정,정부내부수입및기타,예탁이자수입,25142000000,,,,10000000,25152000000,,
과학기술정보통신부,세입,우편사업특별회계,자본계정,관유물매각대,고정자산매각대,3081000000,188492000000,,,0,3081000000,,
과학기술정보통신부,세입,우편사업특별회계,자본계정,관유물매각대,토지및무형자산매각대,4124000000,,,,0,4124000000,,
과학기술정보통신부,세입,우편사업특별회계,자본계정,관유물매각대,재고자산매각대및유동자산,381000000,,,,0,381000000,,
과학기술정보통신부,세입,우편사업특별회계,자본계정,전년도이월금,전년도이월금,1632000000,,,,0,1632000000,,
과학기술정보통신부,세입,우편사업특별회계,자본계정,정부내부수입및기타,전입금,73798000000,,,,0,73798000000,,
과학기술정보통신부,세입,우편사업특별회계,자본계정,정부내부수입및기타,기타,105476000000,,,,0,105476000000,,
과학기술정보통신부,세입,우체국예금특별회계,손익계정,기업특별회계영업수입,우정사업수입,2497269000000,3085454000000,3092859000000,,0,2497269000000,3092877000000,
과학기술정보통신부,세입,우체국예금특별회계,손익계정,재산수입,기타이자수입및재산수입,30000000,,,,0,30000000,,
과학기술정보통신부,세입,우체국예금특별회계,손익계정,경상이전수입,변상금및위약금,30000000,,,,0,30000000,,
과학기술정보통신부,세입,우체국예금특별회계,손익계정,경상이전수입,기타경상이전수입,740000000,,,,0,740000000,,
과학기술정보통신부,세입,우체국예금특별회계,손익계정,재화및용역판매수입,잡수입,200000000,,,,0,200000000,,
과학기술정보통신부,세입,우체국예금특별회계,손익계정,전년도이월금,전년도이월금,89646000000,,,,0,89646000000,,
과학기술정보통신부,세입,우체국예금특별회계,손익계정,정부내부수입및기타,전입금,63193000000,,,,0,63193000000,,
과학기술정보통신부,세입,우체국예금특별회계,손익계정,정부내부수입및기타,예탁원금회수,400000000000,,,,0,400000000000,,
과학기술정보통신부,세입,우체국예금특별회계,손익계정,정부내부수입및기타,예탁이자수입,34346000000,,,,18000000,34364000000,,
과학기술정보통신부,세입,우체국예금특별회계,자본계정,관유물매각대,고정자산매각대,10000000,7405000000,,,0,10000000,,
과학기술정보통신부,세입,우체국예금특별회계,자본계정,관유물매각대,재고자산매각대및유동자산,30000000,,,,0,30000000,,
과학기술정보통신부,세입,우체국예금특별회계,자본계정,전년도이월금,전년도이월금,694000000,,,,0,694000000,,
과학기술정보통신부,세입,우체국예금특별회계,자본계정,정부내부수입및기타,전입금,6671000000,,,,0,6671000000,,
외교부,세입,일반회계,-,재산수입,기타이자수입및재산수입,600000000,,266734000000,266734000000,0,600000000,266734000000,266734000000
외교부,세입,일반회계,-,경상이전수입,기타경상이전수입,7203000000,,,,0,7203000000,,
외교부,세입,일반회계,-,재화및용역판매수입,잡수입,1128000000,,,,0,1128000000,,
외교부,세입,일반회계,-,수입대체경비수입,면허료및수수료,257803000000,,,,0,257803000000,,
통일부,세입,일반회계,-,재산수입,관유물대여료,468000000,,2811000000,2811000000,0,468000000,2811000000,2811000000
통일부,세입,일반회계,-,재산수입,기타이자수입및재산수입,30000000,,,,0,30000000,,
통일부,세입,일반회계,-,경상이전수입,"벌금,몰수금및과태료",10000000,,,,0,10000000,,
통일부,세입,일반회계,-,경상이전수입,변상금및위약금,4000000,,,,0,4000000,,
통일부,세입,일반회계,-,경상이전수입,기타경상이전수입,1161000000,,,,0,1161000000,,
통일부,세입,일반회계,-,재화및용역판매수입,입장료수입,1138000000,,,,0,1138000000,,
법무부,세입,일반회계,-,재산수입,관유물대여료,1626000000,,1614363000000,1741229000000,0,1626000000,1614363000000,1741180000000
법무부,세입,일반회계,-,재산수입,기타이자수입및재산수입,339000000,,,,0,339000000,,
법무부,세입,일반회계,-,경상이전수입,"벌금,몰수금및과태료",1585416000000,,,,0,1585416000000,,
법무부,세입,일반회계,-,경상이전수입,변상금및위약금,759000000,,,,0,759000000,,
법무부,세입,일반회계,-,경상이전수입,가산금,12000000,,,,0,12000000,,
법무부,세입,일반회계,-,경상이전수입,기타경상이전수입,7980000000,,,,0,7980000000,,
법무부,세입,일반회계,-,재화및용역판매수입,면허료및수수료,1225000000,,,,0,1225000000,,
법무부,세입,일반회계,-,재화및용역판매수입,잡수입,1429000000,,,,0,1429000000,,
법무부,세입,일반회계,-,수입대체경비수입,면허료및수수료,14313000000,,,,0,14313000000,,
법무부,세입,일반회계,-,수입대체경비수입,잡수입,526000000,,,,0,526000000,,
법무부,세입,일반회계,-,관유물매각대,고정자산매각대,738000000,,,,0,738000000,,
법무부,세입,교도작업특별회계,-,재화및용역판매수입,교도소수입,74809000000,,126866000000,,0,74809000000,126817000000,
법무부,세입,교도작업특별회계,-,재화및용역판매수입,잡수입,338000000,,,,0,338000000,,
법무부,세입,교도작업특별회계,-,전년도이월금,전년도이월금,7268000000,,,,0,7268000000,,
법무부,세입,교도작업특별회계,-,정부내부수입및기타,예탁원금회수,42000000000,,,,0,42000000000,,
법무부,세입,교도작업특별회계,-,정부내부수입및기타,예탁이자수입,2451000000,,,,-49000000,2402000000,,
국방부,세입,일반회계,-,재산수입,관유물대여료,7079000000,,224949000000,1510372000000,0,7079000000,224949000000,1510408000000
국방부,세입,일반회계,-,재산수입,기타이자수입및재산수입,1129000000,,,,0,1129000000,,
국방부,세입,일반회계,-,경상이전수입,"벌금,몰수금및과태료",4884000000,,,,0,4884000000,,
국방부,세입,일반회계,-,경상이전수입,변상금및위약금,24768000000,,,,0,24768000000,,
국방부,세입,일반회계,-,경상이전수입,가산금,128000000,,,,0,128000000,,
국방부,세입,일반회계,-,경상이전수입,기타경상이전수입,73849000000,,,,0,73849000000,,
국방부,세입,일반회계,-,재화및용역판매수입,병원수입,12753000000,,,,0,12753000000,,
국방부,세입,일반회계,-,재화및용역판매수입,면허료및수수료,143000000,,,,0,143000000,,
국방부,세입,일반회계,-,재화및용역판매수입,입학금및수업료,405000000,,,,0,405000000,,
국방부,세입,일반회계,-,재화및용역판매수입,항공항만및용수수입,1492000000,,,,0,1492000000,,
국방부,세입,일반회계,-,재화및용역판매수입,잡수입,25318000000,,,,0,25318000000,,
국방부,세입,일반회계,-,관유물매각대,토지및무형자산매각대,809000000,,,,0,809000000,,
국방부,세입,일반회계,-,정부내부수입및기타,전입금,72192000000,,,,0,72192000000,,
국방부,세입,주한미군기지이전특별회계,-,재산수입,관유물대여료,1400000000,,493318000000,,0,1400000000,493318000000,
국방부,세입,주한미군기지이전특별회계,-,재산수입,기타이자수입및재산수입,460000000,,,,0,460000000,,
국방부,세입,주한미군기지이전특별회계,-,경상이전수입,변상금및위약금,73000000,,,,0,73000000,,
국방부,세입,주한미군기지이전특별회계,-,경상이전수입,기타경상이전수입,360000000,,,,0,360000000,,
국방부,세입,주한미군기지이전특별회계,-,재화및용역판매수입,잡수입,119000000,,,,0,119000000,,
국방부,세입,주한미군기지이전특별회계,-,관유물매각대,토지및무형자산매각대,97600000000,,,,0,97600000000,,
국방부,세입,주한미군기지이전특별회계,-,정부내부수입및기타,예수금,393306000000,,,,0,393306000000,,
국방부,세입,국방.군사시설이전특별회계,-,재산수입,기타이자수입및재산수입,98000000,,792105000000,,0,98000000,792141000000,
국방부,세입,국방.군사시설이전특별회계,-,경상이전수입,기타경상이전수입,629000000,,,,0,629000000,,
국방부,세입,국방.군사시설이전특별회계,-,관유물매각대,고정자산매각대,2047000000,,,,0,2047000000,,
국방부,세입,국방.군사시설이전특별회계,-,관유물매각대,토지및무형자산매각대,661900000000,,,,0,661900000000,,
국방부,세입,국방.군사시설이전특별회계,-,전년도이월금,전년도이월금,91938000000,,,,0,91938000000,,
국방부,세입,국방.군사시설이전특별회계,-,정부내부수입및기타,예탁원금회수,23204000000,,,,0,23204000000,,
국방부,세입,국방.군사시설이전특별회계,-,정부내부수입및기타,예탁이자수입,12289000000,,,,36000000,12325000000,,
행정안전부,세입,일반회계,-,재산수입,관유물대여료,2618000000,,55524000000,58877000000,0,2618000000,55524000000,58877000000
행정안전부,세입,일반회계,-,재산수입,기타이자수입및재산수입,2435000000,,,,0,2435000000,,
행정안전부,세입,일반회계,-,경상이전수입,"벌금,몰수금및과태료",515000000,,,,0,515000000,,
행정안전부,세입,일반회계,-,경상이전수입,변상금및위약금,476000000,,,,0,476000000,,
행정안전부,세입,일반회계,-,경상이전수입,기타경상이전수입,40949000000,,,,0,40949000000,,
행정안전부,세입,일반회계,-,재화및용역판매수입,면허료및수수료,39000000,,,,0,39000000,,
행정안전부,세입,일반회계,-,재화및용역판매수입,잡수입,860000000,,,,0,860000000,,
행정안전부,세입,일반회계,-,수입대체경비수입,잡수입,7632000000,,,,0,7632000000,,
행정안전부,세입,혁신도시건설특별회계,-,관유물매각대,고정자산매각대,879000000,,2747000000,,0,879000000,2747000000,
행정안전부,세입,혁신도시건설특별회계,-,관유물매각대,토지및무형자산매각대,1868000000,,,,0,1868000000,,
행정안전부,세입,국가균형발전특별회계,지역지원계정,재산수입,기타이자수입및재산수입,26000000,606000000,606000000,,0,26000000,606000000,
행정안전부,세입,국가균형발전특별회계,지역지원계정,경상이전수입,기타경상이전수입,580000000,,,,0,580000000,,
문화체육관광부,세입,일반회계,-,재산수입,관유물대여료,4587000000,,56687000000,149341000000,0,4587000000,56687000000,159491000000
문화체육관광부,세입,일반회계,-,재산수입,기타이자수입및재산수입,2964000000,,,,0,2964000000,,
문화체육관광부,세입,일반회계,-,경상이전수입,기타경상이전수입,38035000000,,,,0,38035000000,,
문화체육관광부,세입,일반회계,-,재화및용역판매수입,입장료수입,2730000000,,,,0,2730000000,,
문화체육관광부,세입,일반회계,-,재화및용역판매수입,면허료및수수료,751000000,,,,0,751000000,,
문화체육관광부,세입,일반회계,-,재화및용역판매수입,잡수입,7620000000,,,,0,7620000000,,
문화체육관광부,세입,아시아문화중심도시조성특별회계,-,재산수입,기타이자수입및재산수입,200000000,,70326000000,,0,200000000,80476000000,
문화체육관광부,세입,아시아문화중심도시조성특별회계,-,경상이전수입,기타경상이전수입,490000000,,,,0,490000000,,
문화체육관광부,세입,아시아문화중심도시조성특별회계,-,전년도이월금,전년도이월금,8961000000,,,,0,8961000000,,
문화체육관광부,세입,아시아문화중심도시조성특별회계,-,정부내부수입및기타,전입금,60675000000,,,,10150000000,70825000000,,
문화체육관광부,세입,국가균형발전특별회계,지역자율계정,경상이전수입,기타경상이전수입,13002000000,13002000000,22328000000,,0,13002000000,22328000000,
문화체육관광부,세입,국가균형발전특별회계,지역지원계정,경상이전수입,기타경상이전수입,9326000000,9326000000,,,0,9326000000,,
농림축산식품부,세입,일반회계,-,재산수입,관유물대여료,645000000,,20130000000,12643675000000,0,645000000,20130000000,13252918000000
농림축산식품부,세입,일반회계,-,재산수입,기타이자수입및재산수입,268000000,,,,0,268000000,,
농림축산식품부,세입,일반회계,-,경상이전수입,"벌금,몰수금및과태료",1375000000,,,,0,1375000000,,
농림축산식품부,세입,일반회계,-,경상이전수입,변상금및위약금,878000000,,,,0,878000000,,
농림축산식품부,세입,일반회계,-,경상이전수입,가산금,25000000,,,,0,25000000,,
농림축산식품부,세입,일반회계,-,경상이전수입,기타경상이전수입,13922000000,,,,0,13922000000,,
농림축산식품부,세입,일반회계,-,재화및용역판매수입,면허료및수수료,2000000000,,,,0,2000000000,,
농림축산식품부,세입,일반회계,-,재화및용역판매수입,입학금및수업료,38000000,,,,0,38000000,,
농림축산식품부,세입,일반회계,-,재화및용역판매수입,실습수입,10000000,,,,0,10000000,,
농림축산식품부,세입,일반회계,-,재화및용역판매수입,잡수입,135000000,,,,0,135000000,,
농림축산식품부,세입,일반회계,-,수입대체경비수입,잡수입,773000000,,,,0,773000000,,
농림축산식품부,세입,일반회계,-,관유물매각대,고정자산매각대,50000000,,,,0,50000000,,
농림축산식품부,세입,일반회계,-,관유물매각대,토지및무형자산매각대,1000000,,,,0,1000000,,
농림축산식품부,세입,일반회계,-,관유물매각대,재고자산매각대및유동자산,10000000,,,,0,10000000,,
농림축산식품부,세입,농어촌구조개선특별회계,구조개선사업계정,재산수입,기타이자수입및재산수입,15870000000,5699553000000,10484008000000,,0,15870000000,11093251000000,
농림축산식품부,세입,농어촌구조개선특별회계,구조개선사업계정,경상이전수입,변상금및위약금,85000000,,,,0,85000000,,
농림축산식품부,세입,농어촌구조개선특별회계,구조개선사업계정,경상이전수입,기타경상이전수입,54621000000,,,,0,54621000000,,
농림축산식품부,세입,농어촌구조개선특별회계,구조개선사업계정,재화및용역판매수입,면허료및수수료,1383000000,,,,0,1383000000,,
농림축산식품부,세입,농어촌구조개선특별회계,구조개선사업계정,재화및용역판매수입,잡수입,42000000,,,,0,42000000,,
농림축산식품부,세입,농어촌구조개선특별회계,구조개선사업계정,관유물매각대,고정자산매각대,8000000,,,,0,8000000,,
농림축산식품부,세입,농어촌구조개선특별회계,구조개선사업계정,관유물매각대,토지및무형자산매각대,191000000,,,,0,191000000,,
농림축산식품부,세입,농어촌구조개선특별회계,구조개선사업계정,관유물매각대,재고자산매각대및유동자산,12000000,,,,0,12000000,,
농림축산식품부,세입,농어촌구조개선특별회계,구조개선사업계정,융자및전대차관원금회수,융자원금회수,268923000000,,,,0,268923000000,,
농림축산식품부,세입,농어촌구조개선특별회계,구조개선사업계정,전년도이월금,전년도이월금,0,,,,-201645000000,-201645000000,,
농림축산식품부,세입,농어촌구조개선특별회계,구조개선사업계정,정부내부수입및기타,전입금,5358418000000,,,,489343000000,5847761000000,,
농림축산식품부,세입,농어촌구조개선특별회계,농어촌특별세사업계정,농어촌특별세,농어촌특별세,4129400000000,4784455000000,,,50500000000,4179900000000,,
농림축산식품부,세입,농어촌구조개선특별회계,농어촌특별세사업계정,재산수입,기타이자수입및재산수입,2713000000,,,,0,2713000000,,
농림축산식품부,세입,농어촌구조개선특별회계,농어촌특별세사업계정,경상이전수입,기타경상이전수입,244430000000,,,,0,244430000000,,
농림축산식품부,세입,농어촌구조개선특별회계,농어촌특별세사업계정,재화및용역판매수입,잡수입,173000000,,,,0,173000000,,
농림축산식품부,세입,농어촌구조개선특별회계,농어촌특별세사업계정,융자및전대차관원금회수,융자원금회수,7739000000,,,,0,7739000000,,
농림축산식품부,세입,농어촌구조개선특별회계,농어촌특별세사업계정,전년도이월금,전년도이월금,0,,,,271045000000,271045000000,,
농림축산식품부,세입,농어촌구조개선특별회계,농어촌특별세사업계정,정부내부수입및기타,전입금,400000000000,,,,0,400000000000,,
농림축산식품부,세입,에너지및자원사업특별회계,투자계정,재산수입,기타이자수입및재산수입,7000000,20918000000,42932000000,,0,7000000,42932000000,
농림축산식품부,세입,에너지및자원사업특별회계,투자계정,경상이전수입,기타경상이전수입,20911000000,,,,0,20911000000,,
농림축산식품부,세입,에너지및자원사업특별회계,융자계정,재산수입,기타이자수입및재산수입,533000000,22014000000,,,0,533000000,,
농림축산식품부,세입,에너지및자원사업특별회계,융자계정,융자및전대차관원금회수,융자원금회수,21481000000,,,,0,21481000000,,
농림축산식품부,세입,혁신도시건설특별회계,-,재산수입,관유물대여료,43000000,,43000000,,0,43000000,43000000,
농림축산식품부,세입,국가균형발전특별회계,지역자율계정,재산수입,기타이자수입및재산수입,160000000,17128000000,21728000000,,0,160000000,21728000000,
농림축산식품부,세입,국가균형발전특별회계,지역자율계정,경상이전수입,기타경상이전수입,16968000000,,,,0,16968000000,,
농림축산식품부,세입,국가균형발전특별회계,지역지원계정,재산수입,기타이자수입및재산수입,75000000,4600000000,,,0,75000000,,
농림축산식품부,세입,국가균형발전특별회계,지역지원계정,경상이전수입,기타경상이전수입,4525000000,,,,0,4525000000,,
농림축산식품부,세입,양곡관리특별회계,손익계정,기업특별회계영업수입,양곡사업수익,390280000000,2074834000000,2074834000000,,0,390280000000,2074834000000,
농림축산식품부,세입,양곡관리특별회계,손익계정,재화및용역판매수입,잡수입,9754000000,,,,0,9754000000,,
농림축산식품부,세입,양곡관리특별회계,손익계정,정부내부수입및기타,전입금,1674800000000,,,,0,1674800000000,,
산업통상자원부,세입,일반회계,-,재산수입,관유물대여료,16889000000,,159986000000,6206685000000,0,16889000000,159986000000,6224394000000
산업통상자원부,세입,일반회계,-,재산수입,기타이자수입및재산수입,16779000000,,,,0,16779000000,,
산업통상자원부,세입,일반회계,-,경상이전수입,"벌금,몰수금및과태료",709000000,,,,0,709000000,,
산업통상자원부,세입,일반회계,-,경상이전수입,가산금,9000000,,,,0,9000000,,
산업통상자원부,세입,일반회계,-,경상이전수입,기타경상이전수입,124919000000,,,,0,124919000000,,
산업통상자원부,세입,일반회계,-,재화및용역판매수입,잡수입,42000000,,,,0,42000000,,
산업통상자원부,세입,일반회계,-,수입대체경비수입,잡수입,639000000,,,,0,639000000,,
산업통상자원부,세입,에너지및자원사업특별회계,투자계정,재산수입,관유물대여료,8000000,5105852000000,5953067000000,,0,8000000,5970776000000,
산업통상자원부,세입,에너지및자원사업특별회계,투자계정,재산수입,정부출자수입,22418000000,,,,0,22418000000,,
산업통상자원부,세입,에너지및자원사업특별회계,투자계정,재산수입,기타이자수입및재산수입,3914000000,,,,0,3914000000,,
산업통상자원부,세입,에너지및자원사업특별회계,투자계정,경상이전수입,"벌금,몰수금및과태료",59000000,,,,0,59000000,,
산업통상자원부,세입,에너지및자원사업특별회계,투자계정,경상이전수입,가산금,69000000,,,,0,69000000,,
산업통상자원부,세입,에너지및자원사업특별회계,투자계정,경상이전수입,기타경상이전수입,2013073000000,,,,0,2013073000000,,
산업통상자원부,세입,에너지및자원사업특별회계,투자계정,전년도이월금,전년도이월금,20000000000,,,,0,20000000000,,
산업통상자원부,세입,에너지및자원사업특별회계,투자계정,정부내부수입및기타,전입금,485652000000,,,,20000000000,505652000000,,
산업통상자원부,세입,에너지및자원사업특별회계,투자계정,정부내부수입및기타,예탁원금회수,2380000000000,,,,0,2380000000000,,
산업통상자원부,세입,에너지및자원사업특별회계,투자계정,정부내부수입및기타,예탁이자수입,180659000000,,,,-2291000000,178368000000,,
산업통상자원부,세입,에너지및자원사업특별회계,융자계정,재산수입,기타이자수입및재산수입,46014000000,847215000000,,,0,46014000000,,
산업통상자원부,세입,에너지및자원사업특별회계,융자계정,융자및전대차관원금회수,융자원금회수,801201000000,,,,0,801201000000,,
산업통상자원부,세입,국가균형발전특별회계,지역지원계정,재산수입,기타이자수입및재산수입,10074000000,93632000000,93632000000,,0,10074000000,93632000000,
산업통상자원부,세입,국가균형발전특별회계,지역지원계정,경상이전수입,기타경상이전수입,83558000000,,,,0,83558000000,,
보건복지부,세입,일반회계,-,재산수입,관유물대여료,81000000,,472273000000,669418000000,0,81000000,472273000000,671335000000
보건복지부,세입,일반회계,-,재산수입,전대차관이자수입,21000000,,,,0,21000000,,
보건복지부,세입,일반회계,-,재산수입,기타이자수입및재산수입,5811000000,,,,0,5811000000,,
보건복지부,세입,일반회계,-,경상이전수입,"벌금,몰수금및과태료",26342000000,,,,0,26342000000,,
보건복지부,세입,일반회계,-,경상이전수입,변상금및위약금,183000000,,,,0,183000000,,
보건복지부,세입,일반회계,-,경상이전수입,기타경상이전수입,437070000000,,,,0,437070000000,,
보건복지부,세입,일반회계,-,재화및용역판매수입,면허료및수수료,368000000,,,,0,368000000,,
보건복지부,세입,일반회계,-,재화및용역판매수입,잡수입,33000000,,,,0,33000000,,
보건복지부,세입,일반회계,-,수입대체경비수입,잡수입,30000000,,,,0,30000000,,
보건복지부,세입,일반회계,-,융자및전대차관원금회수,전대차관원금회수,2334000000,,,,0,2334000000,,
보건복지부,세입,책임운영기관특별회계,국립마산병원손익계정,기업특별회계영업수입,책임운영기관사업수입,3409000000,13730000000,197145000000,,0,3409000000,199062000000,
보건복지부,세입,책임운영기관특별회계,국립마산병원손익계정,재산수입,관유물대여료,66000000,,,,0,66000000,,
보건복지부,세입,책임운영기관특별회계,국립마산병원손익계정,재산수입,기타이자수입및재산수입,1000000,,,,0,1000000,,
보건복지부,세입,책임운영기관특별회계,국립마산병원손익계정,재화및용역판매수입,면허료및수수료,3000000,,,,0,3000000,,
보건복지부,세입,책임운영기관특별회계,국립마산병원손익계정,재화및용역판매수입,잡수입,1000000,,,,0,1000000,,
보건복지부,세입,책임운영기관특별회계,국립마산병원손익계정,수입대체경비수입,잡수입,166000000,,,,0,166000000,,
보건복지부,세입,책임운영기관특별회계,국립마산병원손익계정,전년도이월금,전년도이월금,3282000000,,,,0,3282000000,,
보건복지부,세입,책임운영기관특별회계,국립마산병원손익계정,정부내부수입및기타,전입금,6802000000,,,,0,6802000000,,
보건복지부,세입,책임운영기관특별회계,국립정신건강센터손익계정,기업특별회계영업수입,책임운영기관사업수입,10706000000,40450000000,,,0,10706000000,,
보건복지부,세입,책임운영기관특별회계,국립정신건강센터손익계정,재산수입,관유물대여료,25000000,,,,0,25000000,,
보건복지부,세입,책임운영기관특별회계,국립정신건강센터손익계정,재산수입,기타이자수입및재산수입,3000000,,,,0,3000000,,
보건복지부,세입,책임운영기관특별회계,국립정신건강센터손익계정,경상이전수입,변상금및위약금,3000000,,,,0,3000000,,
보건복지부,세입,책임운영기관특별회계,국립정신건강센터손익계정,경상이전수입,기타경상이전수입,1000000,,,,0,1000000,,
보건복지부,세입,책임운영기관특별회계,국립정신건강센터손익계정,재화및용역판매수입,면허료및수수료,1000000,,,,0,1000000,,
보건복지부,세입,책임운영기관특별회계,국립정신건강센터손익계정,재화및용역판매수입,잡수입,80000000,,,,0,80000000,,
보건복지부,세입,책임운영기관특별회계,국립정신건강센터손익계정,수입대체경비수입,잡수입,212000000,,,,0,212000000,,
보건복지부,세입,책임운영기관특별회계,국립정신건강센터손익계정,전년도이월금,전년도이월금,284000000,,,,0,284000000,,
보건복지부,세입,책임운영기관특별회계,국립정신건강센터손익계정,정부내부수입및기타,전입금,29135000000,,,,0,29135000000,,
보건복지부,세입,책임운영기관특별회계,국립나주병원손익계정,기업특별회계영업수입,책임운영기관사업수입,7064000000,20295000000,,,0,7064000000,,
보건복지부,세입,책임운영기관특별회계,국립나주병원손익계정,재산수입,관유물대여료,1000000,,,,0,1000000,,
보건복지부,세입,책임운영기관특별회계,국립나주병원손익계정,재산수입,기타이자수입및재산수입,1000000,,,,0,1000000,,
보건복지부,세입,책임운영기관특별회계,국립나주병원손익계정,재화및용역판매수입,면허료및수수료,1000000,,,,0,1000000,,
보건복지부,세입,책임운영기관특별회계,국립나주병원손익계정,재화및용역판매수입,잡수입,13000000,,,,0,13000000,,
보건복지부,세입,책임운영기관특별회계,국립나주병원손익계정,수입대체경비수입,잡수입,80000000,,,,0,80000000,,
보건복지부,세입,책임운영기관특별회계,국립나주병원손익계정,관유물매각대,고정자산매각대,2000000,,,,0,2000000,,
보건복지부,세입,책임운영기관특별회계,국립나주병원손익계정,전년도이월금,전년도이월금,1372000000,,,,0,1372000000,,
보건복지부,세입,책임운영기관특별회계,국립나주병원손익계정,정부내부수입및기타,전입금,11761000000,,,,38000000,11799000000,,
보건복지부,세입,책임운영기관특별회계,국립재활원손익개정,기업특별회계영업수입,책임운영기관사업수입,13064000000,44714000000,,,0,13064000000,,
보건복지부,세입,책임운영기관특별회계,국립재활원손익개정,재산수입,관유물대여료,48000000,,,,0,48000000,,
보건복지부,세입,책임운영기관특별회계,국립재활원손익개정,재산수입,기타이자수입및재산수입,5000000,,,,0,5000000,,
보건복지부,세입,책임운영기관특별회계,국립재활원손익개정,재화및용역판매수입,잡수입,30000000,,,,0,30000000,,
보건복지부,세입,책임운영기관특별회계,국립재활원손익개정,수입대체경비수입,잡수입,380000000,,,,0,380000000,,
보건복지부,세입,책임운영기관특별회계,국립재활원손익개정,전년도이월금,전년도이월금,1496000000,,,,0,1496000000,,
보건복지부,세입,책임운영기관특별회계,국립재활원손익개정,정부내부수입및기타,전입금,29691000000,,,,0,29691000000,,
보건복지부,세입,책임운영기관특별회계,국립목포병원손익계정,기업특별회계영업수입,책임운영기관사업수입,3044000000,10313000000,,,0,3044000000,,
보건복지부,세입,책임운영기관특별회계,국립목포병원손익계정,재산수입,관유물대여료,7000000,,,,0,7000000,,
보건복지부,세입,책임운영기관특별회계,국립목포병원손익계정,경상이전수입,기타경상이전수입,2000000,,,,0,2000000,,
보건복지부,세입,책임운영기관특별회계,국립목포병원손익계정,재화및용역판매수입,잡수입,1000000,,,,0,1000000,,
보건복지부,세입,책임운영기관특별회계,국립목포병원손익계정,수입대체경비수입,잡수입,10000000,,,,0,10000000,,
보건복지부,세입,책임운영기관특별회계,국립목포병원손익계정,관유물매각대,고정자산매각대,4000000,,,,0,4000000,,
보건복지부,세입,책임운영기관특별회계,국립목포병원손익계정,전년도이월금,전년도이월금,688000000,,,,0,688000000,,
보건복지부,세입,책임운영기관특별회계,국립목포병원손익계정,정부내부수입및기타,전입금,6557000000,,,,0,6557000000,,
보건복지부,세입,책임운영기관특별회계,국립부곡병원손익계정,기업특별회계영업수입,책임운영기관사업수입,5200000000,18830000000,,,0,5200000000,,
보건복지부,세입,책임운영기관특별회계,국립부곡병원손익계정,재산수입,관유물대여료,1000000,,,,0,1000000,,
보건복지부,세입,책임운영기관특별회계,국립부곡병원손익계정,재산수입,기타이자수입및재산수입,2000000,,,,0,2000000,,
보건복지부,세입,책임운영기관특별회계,국립부곡병원손익계정,경상이전수입,기타경상이전수입,2000000,,,,0,2000000,,
보건복지부,세입,책임운영기관특별회계,국립부곡병원손익계정,재화및용역판매수입,잡수입,5000000,,,,0,5000000,,
보건복지부,세입,책임운영기관특별회계,국립부곡병원손익계정,수입대체경비수입,잡수입,52000000,,,,0,52000000,,
보건복지부,세입,책임운영기관특별회계,국립부곡병원손익계정,전년도이월금,전년도이월금,558000000,,,,0,558000000,,
보건복지부,세입,책임운영기관특별회계,국립부곡병원손익계정,정부내부수입및기타,전입금,13010000000,,,,152000000,13162000000,,
보건복지부,세입,책임운영기관특별회계,국립춘천병원손익계정,기업특별회계영업수입,책임운영기관사업수입,4176000000,13924000000,,,0,4176000000,,
보건복지부,세입,책임운영기관특별회계,국립춘천병원손익계정,재산수입,관유물대여료,4000000,,,,0,4000000,,
보건복지부,세입,책임운영기관특별회계,국립춘천병원손익계정,재화및용역판매수입,잡수입,2000000,,,,0,2000000,,
보건복지부,세입,책임운영기관특별회계,국립춘천병원손익계정,수입대체경비수입,잡수입,28000000,,,,0,28000000,,
보건복지부,세입,책임운영기관특별회계,국립춘천병원손익계정,정부내부수입및기타,전입금,9714000000,,,,38000000,9752000000,,
보건복지부,세입,책임운영기관특별회계,국립공주병원손익계정,기업특별회계영업수입,책임운영기관사업수입,4863000000,14842000000,,,0,4863000000,,
보건복지부,세입,책임운영기관특별회계,국립공주병원손익계정,재산수입,관유물대여료,25000000,,,,0,25000000,,
보건복지부,세입,책임운영기관특별회계,국립공주병원손익계정,경상이전수입,기타경상이전수입,6000000,,,,0,6000000,,
보건복지부,세입,책임운영기관특별회계,국립공주병원손익계정,재화및용역판매수입,잡수입,20000000,,,,0,20000000,,
보건복지부,세입,책임운영기관특별회계,국립공주병원손익계정,수입대체경비수입,잡수입,105000000,,,,0,105000000,,
보건복지부,세입,책임운영기관특별회계,국립공주병원손익계정,관유물매각대,고정자산매각대,2000000,,,,0,2000000,,
보건복지부,세입,책임운영기관특별회계,국립공주병원손익계정,전년도이월금,전년도이월금,1015000000,,,,0,1015000000,,
보건복지부,세입,책임운영기관특별회계,국립공주병원손익계정,정부내부수입및기타,전입금,8806000000,,,,76000000,8882000000,,
보건복지부,세입,책임운영기관특별회계,국립마산병원자본계정,전년도이월금,전년도이월금,2094000000,5985000000,,,0,2094000000,,
보건복지부,세입,책임운영기관특별회계,국립마산병원자본계정,정부내부수입및기타,전입금,3889000000,,,,0,3889000000,,
보건복지부,세입,책임운영기관특별회계,국립마산병원자본계정,정부내부수입및기타,기타,2000000,,,,0,2000000,,
보건복지부,세입,책임운영기관특별회계,국립정신건강센터자본계정,전년도이월금,전년도이월금,8000000,1707000000,,,0,8000000,,
보건복지부,세입,책임운영기관특별회계,국립정신건강센터자본계정,정부내부수입및기타,전입금,1697000000,,,,0,1697000000,,
보건복지부,세입,책임운영기관특별회계,국립정신건강센터자본계정,정부내부수입및기타,기타,2000000,,,,0,2000000,,
보건복지부,세입,책임운영기관특별회계,국립나주병원자본계정,전년도이월금,전년도이월금,183000000,1533000000,,,0,183000000,,
보건복지부,세입,책임운영기관특별회계,국립나주병원자본계정,정부내부수입및기타,전입금,1348000000,,,,0,1348000000,,
보건복지부,세입,책임운영기관특별회계,국립나주병원자본계정,정부내부수입및기타,기타,2000000,,,,0,2000000,,
보건복지부,세입,책임운영기관특별회계,국립재활원자본계정,전년도이월금,전년도이월금,158000000,5160000000,,,0,158000000,,
보건복지부,세입,책임운영기관특별회계,국립재활원자본계정,정부내부수입및기타,전입금,5000000000,,,,0,5000000000,,
보건복지부,세입,책임운영기관특별회계,국립재활원자본계정,정부내부수입및기타,기타,2000000,,,,0,2000000,,
보건복지부,세입,책임운영기관특별회계,국립목포병원자본계정,전년도이월금,전년도이월금,25000000,1741000000,,,0,25000000,,
보건복지부,세입,책임운영기관특별회계,국립목포병원자본계정,정부내부수입및기타,전입금,1714000000,,,,1613000000,3327000000,,
보건복지부,세입,책임운영기관특별회계,국립목포병원자본계정,정부내부수입및기타,기타,2000000,,,,0,2000000,,
보건복지부,세입,책임운영기관특별회계,국립부곡병원자본계정,전년도이월금,전년도이월금,46000000,1349000000,,,0,46000000,,
보건복지부,세입,책임운영기관특별회계,국립부곡병원자본계정,정부내부수입및기타,전입금,1301000000,,,,0,1301000000,,
보건복지부,세입,책임운영기관특별회계,국립부곡병원자본계정,정부내부수입및기타,기타,2000000,,,,0,2000000,,
보건복지부,세입,책임운영기관특별회계,국립춘천병원자본계정,전년도이월금,전년도이월금,117000000,1195000000,,,0,117000000,,
보건복지부,세입,책임운영기관특별회계,국립춘천병원자본계정,정부내부수입및기타,전입금,1076000000,,,,0,1076000000,,
보건복지부,세입,책임운영기관특별회계,국립춘천병원자본계정,정부내부수입및기타,기타,2000000,,,,0,2000000,,
보건복지부,세입,책임운영기관특별회계,국립공주병원자본계정,전년도이월금,전년도이월금,161000000,1377000000,,,0,161000000,,
보건복지부,세입,책임운영기관특별회계,국립공주병원자본계정,정부내부수입및기타,전입금,1214000000,,,,0,1214000000,,
보건복지부,세입,책임운영기관특별회계,국립공주병원자본계정,정부내부수입및기타,기타,2000000,,,,0,2000000,,
환경부,세입,일반회계,-,재산수입,관유물대여료,228000000,,800000000,4692304000000,0,228000000,800000000,4790171000000
환경부,세입,일반회계,-,재산수입,기타이자수입및재산수입,210000000,,,,0,210000000,,
환경부,세입,일반회계,-,경상이전수입,변상금및위약금,10000000,,,,0,10000000,,
환경부,세입,일반회계,-,경상이전수입,기타경상이전수입,350000000,,,,0,350000000,,
환경부,세입,일반회계,-,재화및용역판매수입,잡수입,2000000,,,,0,2000000,,
환경부,세입,농어촌구조개선특별회계,농어촌특별세사업계정,경상이전수입,기타경상이전수입,500000000,500000000,500000000,,0,500000000,500000000,
환경부,세입,에너지및자원사업특별회계,투자계정,경상이전수입,기타경상이전수입,1806000000,1806000000,1806000000,,0,1806000000,1806000000,
환경부,세입,환경개선특별회계,-,재산수입,관유물대여료,106000000,,4689198000000,,0,106000000,4787065000000,
환경부,세입,환경개선특별회계,-,재산수입,기타이자수입및재산수입,20500000000,,,,0,20500000000,,
환경부,세입,환경개선특별회계,-,경상이전수입,"벌금,몰수금및과태료",17118000000,,,,0,17118000000,,
환경부,세입,환경개선특별회계,-,경상이전수입,변상금및위약금,727000000,,,,0,727000000,,
환경부,세입,환경개선특별회계,-,경상이전수입,가산금,934000000,,,,0,934000000,,
환경부,세입,환경개선특별회계,-,경상이전수입,기타경상이전수입,1364482000000,,,,0,1364482000000,,
환경부,세입,환경개선특별회계,-,재화및용역판매수입,면허료및수수료,857000000,,,,0,857000000,,
환경부,세입,환경개선특별회계,-,재화및용역판매수입,잡수입,3038000000,,,,0,3038000000,,
환경부,세입,환경개선특별회계,-,수입대체경비수입,잡수입,639000000,,,,0,639000000,,
환경부,세입,환경개선특별회계,-,관유물매각대,고정자산매각대,658000000,,,,0,658000000,,
환경부,세입,환경개선특별회계,-,융자및전대차관원금회수,융자원금회수,174330000000,,,,0,174330000000,,
환경부,세입,환경개선특별회계,-,전년도이월금,전년도이월금,37591000000,,,,0,37591000000,,
환경부,세입,환경개선특별회계,-,정부내부수입및기타,전입금,3068218000000,,,,97867000000,3166085000000,,
고용노동부,세입,일반회계,-,재산수입,기타이자수입및재산수입,776000000,,85961000000,86322000000,0,776000000,85961000000,86322000000
고용노동부,세입,일반회계,-,경상이전수입,"벌금,몰수금및과태료",42998000000,,,,0,42998000000,,
고용노동부,세입,일반회계,-,경상이전수입,변상금및위약금,10000000,,,,0,10000000,,
고용노동부,세입,일반회계,-,경상이전수입,가산금,264000000,,,,0,264000000,,
고용노동부,세입,일반회계,-,경상이전수입,기타경상이전수입,41900000000,,,,0,41900000000,,
고용노동부,세입,일반회계,-,재화및용역판매수입,면허료및수수료,8000000,,,,0,8000000,,
고용노동부,세입,일반회계,-,재화및용역판매수입,잡수입,5000000,,,,0,5000000,,
고용노동부,세입,에너지및자원사업특별회계,투자계정,경상이전수입,기타경상이전수입,361000000,361000000,361000000,,0,361000000,361000000,
여성가족부,세입,일반회계,-,재산수입,관유물대여료,58000000,,8094000000,8094000000,0,58000000,8094000000,8094000000
여성가족부,세입,일반회계,-,재산수입,기타이자수입및재산수입,72000000,,,,0,72000000,,
여성가족부,세입,일반회계,-,경상이전수입,기타경상이전수입,7964000000,,,,0,7964000000,,
국토교통부,세입,일반회계,-,재산수입,관유물대여료,1820000000,,162954000000,16347848000000,0,1820000000,162954000000,15465891000000
국토교통부,세입,일반회계,-,재산수입,기타이자수입및재산수입,12098000000,,,,0,12098000000,,
국토교통부,세입,일반회계,-,경상이전수입,"벌금,몰수금및과태료",6400000000,,,,0,6400000000,,
국토교통부,세입,일반회계,-,경상이전수입,변상금및위약금,733000000,,,,0,733000000,,
국토교통부,세입,일반회계,-,경상이전수입,가산금,16000000,,,,0,16000000,,
국토교통부,세입,일반회계,-,경상이전수입,기타경상이전수입,120542000000,,,,0,120542000000,,
국토교통부,세입,일반회계,-,재화및용역판매수입,면허료및수수료,362000000,,,,0,362000000,,
국토교통부,세입,일반회계,-,재화및용역판매수입,잡수입,14113000000,,,,0,14113000000,,
국토교통부,세입,일반회계,-,수입대체경비수입,면허료및수수료,2442000000,,,,0,2442000000,,
국토교통부,세입,일반회계,-,수입대체경비수입,잡수입,1663000000,,,,0,1663000000,,
국토교통부,세입,일반회계,-,관유물매각대,고정자산매각대,126000000,,,,0,126000000,,
국토교통부,세입,일반회계,-,관유물매각대,토지및무형자산매각대,2615000000,,,,0,2615000000,,
국토교통부,세입,일반회계,-,관유물매각대,재고자산매각대및유동자산,24000000,,,,0,24000000,,
국토교통부,세입,교통시설특별회계,도로계정,재산수입,관유물대여료,19627000000,10916857000000,15296979000000,,0,19627000000,14410610000000,
국토교통부,세입,교통시설특별회계,도로계정,재산수입,정부출자수입,32341000000,,,,0,32341000000,,
국토교통부,세입,교통시설특별회계,도로계정,재산수입,기타이자수입및재산수입,4871000000,,,,0,4871000000,,
국토교통부,세입,교통시설특별회계,도로계정,경상이전수입,"벌금,몰수금및과태료",27005000000,,,,0,27005000000,,
국토교통부,세입,교통시설특별회계,도로계정,경상이전수입,변상금및위약금,1400000000,,,,0,1400000000,,
국토교통부,세입,교통시설특별회계,도로계정,경상이전수입,가산금,543000000,,,,0,543000000,,
국토교통부,세입,교통시설특별회계,도로계정,경상이전수입,기타경상이전수입,17528000000,,,,0,17528000000,,
국토교통부,세입,교통시설특별회계,도로계정,재화및용역판매수입,면허료및수수료,467000000,,,,0,467000000,,
국토교통부,세입,교통시설특별회계,도로계정,재화및용역판매수입,잡수입,3419000000,,,,0,3419000000,,
국토교통부,세입,교통시설특별회계,도로계정,관유물매각대,고정자산매각대,200000000,,,,0,200000000,,
국토교통부,세입,교통시설특별회계,도로계정,관유물매각대,토지및무형자산매각대,5497000000,,,,0,5497000000,,
국토교통부,세입,교통시설특별회계,도로계정,관유물매각대,재고자산매각대및유동자산,13000000,,,,0,13000000,,
국토교통부,세입,교통시설특별회계,도로계정,정부내부수입및기타,전입금,10544950000000,,,,-1390747000000,9154203000000,,
국토교통부,세입,교통시설특별회계,도로계정,정부내부수입및기타,예탁이자수입,258996000000,,,,-32072000000,226924000000,,
국토교통부,세입,교통시설특별회계,철도계정,재산수입,관유물대여료,9566000000,3482716000000,,,0,9566000000,,
국토교통부,세입,교통시설특별회계,철도계정,재산수입,기타이자수입및재산수입,10491000000,,,,0,10491000000,,
국토교통부,세입,교통시설특별회계,철도계정,경상이전수입,변상금및위약금,214000000,,,,0,214000000,,
국토교통부,세입,교통시설특별회계,철도계정,경상이전수입,가산금,123000000,,,,0,123000000,,
국토교통부,세입,교통시설특별회계,철도계정,경상이전수입,기타경상이전수입,3610000000,,,,0,3610000000,,
국토교통부,세입,교통시설특별회계,철도계정,재화및용역판매수입,잡수입,12230000000,,,,0,12230000000,,
국토교통부,세입,교통시설특별회계,철도계정,관유물매각대,고정자산매각대,1149000000,,,,0,1149000000,,
국토교통부,세입,교통시설특별회계,철도계정,관유물매각대,토지및무형자산매각대,66947000000,,,,0,66947000000,,
국토교통부,세입,교통시설특별회계,철도계정,정부내부수입및기타,전입금,3378386000000,,,,486200000000,3864586000000,,
국토교통부,세입,교통시설특별회계,교통체계관리계정,재산수입,기타이자수입및재산수입,874000000,225163000000,,,0,874000000,,
국토교통부,세입,교통시설특별회계,교통체계관리계정,경상이전수입,기타경상이전수입,21316000000,,,,0,21316000000,,
국토교통부,세입,교통시설특별회계,교통체계관리계정,전년도이월금,전년도이월금,111100000000,,,,0,111100000000,,
국토교통부,세입,교통시설특별회계,교통체계관리계정,정부내부수입및기타,전입금,91873000000,,,,50250000000,142123000000,,
국토교통부,세입,교통시설특별회계,공항계정,재산수입,관유물대여료,8040000000,672243000000,,,0,8040000000,,
국토교통부,세입,교통시설특별회계,공항계정,재산수입,정부출자수입,505228000000,,,,0,505228000000,,
국토교통부,세입,교통시설특별회계,공항계정,재산수입,기타이자수입및재산수입,849000000,,,,0,849000000,,
국토교통부,세입,교통시설특별회계,공항계정,경상이전수입,"벌금,몰수금및과태료",1852000000,,,,0,1852000000,,
국토교통부,세입,교통시설특별회계,공항계정,경상이전수입,변상금및위약금,674000000,,,,0,674000000,,
국토교통부,세입,교통시설특별회계,공항계정,경상이전수입,가산금,3000000,,,,0,3000000,,
국토교통부,세입,교통시설특별회계,공항계정,경상이전수입,기타경상이전수입,16642000000,,,,0,16642000000,,
국토교통부,세입,교통시설특별회계,공항계정,재화및용역판매수입,면허료및수수료,686000000,,,,0,686000000,,
국토교통부,세입,교통시설특별회계,공항계정,재화및용역판매수입,항공항만및용수수입,69434000000,,,,0,69434000000,,
국토교통부,세입,교통시설특별회계,공항계정,재화및용역판매수입,잡수입,207000000,,,,0,207000000,,
국토교통부,세입,교통시설특별회계,공항계정,관유물매각대,고정자산매각대,30669000000,,,,0,30669000000,,
국토교통부,세입,교통시설특별회계,공항계정,관유물매각대,토지및무형자산매각대,174000000,,,,0,174000000,,
국토교통부,세입,교통시설특별회계,공항계정,전년도이월금,전년도이월금,37785000000,,,,0,37785000000,,
국토교통부,세입,에너지및자원사업특별회계,투자계정,재산수입,기타이자수입및재산수입,13000000,790000000,790000000,,0,13000000,790000000,
국토교통부,세입,에너지및자원사업특별회계,투자계정,경상이전수입,기타경상이전수입,777000000,,,,0,777000000,,
국토교통부,세입,혁신도시건설특별회계,-,재산수입,관유물대여료,10000000,,197897000000,,0,10000000,202309000000,
국토교통부,세입,혁신도시건설특별회계,,재산수입,기타이자수입및재산수입,0,,,,10000000,10000000,,
국토교통부,세입,혁신도시건설특별회계,-,경상이전수입,기타경상이전수입,0,,,,100000000,100000000,,
국토교통부,세입,혁신도시건설특별회계,-,전년도이월금,전년도이월금,11356000000,,,,4828000000,16184000000,,
국토교통부,세입,혁신도시건설특별회계,-,정부내부수입및기타,전입금,32476000000,,,,4500000000,36976000000,,
국토교통부,세입,혁신도시건설특별회계,-,정부내부수입및기타,예수금,154055000000,,,,-5026000000,149029000000,,
국토교통부,세입,국가균형발전특별회계,지역자율계정,재산수입,기타이자수입및재산수입,352000000,292714000000,689228000000,,0,352000000,689228000000,
국토교통부,세입,국가균형발전특별회계,지역자율계정,경상이전수입,"벌금,몰수금및과태료",825000000,,,,0,825000000,,
국토교통부,세입,국가균형발전특별회계,지역자율계정,경상이전수입,가산금,6312000000,,,,0,6312000000,,
국토교통부,세입,국가균형발전특별회계,지역자율계정,경상이전수입,기타경상이전수입,285223000000,,,,0,285223000000,,
국토교통부,세입,국가균형발전특별회계,지역자율계정,재화및용역판매수입,잡수입,2000000,,,,0,2000000,,
국토교통부,세입,국가균형발전특별회계,지역지원계정,재산수입,관유물대여료,256000000,395543000000,,,0,256000000,,
국토교통부,세입,국가균형발전특별회계,지역지원계정,재산수입,기타이자수입및재산수입,1810000000,,,,0,1810000000,,
국토교통부,세입,국가균형발전특별회계,지역지원계정,경상이전수입,변상금및위약금,8000000,,,,0,8000000,,
국토교통부,세입,국가균형발전특별회계,지역지원계정,경상이전수입,가산금,214000000,,,,0,214000000,,
국토교통부,세입,국가균형발전특별회계,지역지원계정,경상이전수입,기타경상이전수입,377582000000,,,,0,377582000000,,
국토교통부,세입,국가균형발전특별회계,지역지원계정,재화및용역판매수입,잡수입,12489000000,,,,0,12489000000,,
국토교통부,세입,국가균형발전특별회계,지역지원계정,수입대체경비수입,잡수입,2000000,,,,0,2000000,,
국토교통부,세입,국가균형발전특별회계,지역지원계정,관유물매각대,고정자산매각대,117000000,,,,0,117000000,,
국토교통부,세입,국가균형발전특별회계,지역지원계정,관유물매각대,토지및무형자산매각대,3065000000,,,,0,3065000000,,
국토교통부,세입,국가균형발전특별회계,제주특별자치도계정,재산수입,기타이자수입및재산수입,9000000,971000000,,,0,9000000,,
국토교통부,세입,국가균형발전특별회계,제주특별자치도계정,경상이전수입,기타경상이전수입,962000000,,,,0,962000000,,
해양수산부,세입,일반회계,-,재산수입,관유물대여료,4977000000,,67419000000,1445927000000,0,4977000000,67419000000,1486066000000
해양수산부,세입,일반회계,-,재산수입,기타이자수입및재산수입,8664000000,,,,0,8664000000,,
해양수산부,세입,일반회계,-,경상이전수입,"벌금,몰수금및과태료",172000000,,,,0,172000000,,
해양수산부,세입,일반회계,-,경상이전수입,변상금및위약금,838000000,,,,0,838000000,,
해양수산부,세입,일반회계,-,경상이전수입,가산금,24000000,,,,0,24000000,,
해양수산부,세입,일반회계,-,경상이전수입,기타경상이전수입,44025000000,,,,0,44025000000,,
해양수산부,세입,일반회계,-,재화및용역판매수입,면허료및수수료,1140000000,,,,0,1140000000,,
해양수산부,세입,일반회계,-,재화및용역판매수입,항공항만및용수수입,5181000000,,,,0,5181000000,,
해양수산부,세입,일반회계,-,재화및용역판매수입,실습수입,111000000,,,,0,111000000,,
해양수산부,세입,일반회계,-,재화및용역판매수입,잡수입,648000000,,,,0,648000000,,
해양수산부,세입,일반회계,-,수입대체경비수입,면허료및수수료,7000000,,,,0,7000000,,
해양수산부,세입,일반회계,-,수입대체경비수입,잡수입,318000000,,,,0,318000000,,
해양수산부,세입,일반회계,-,관유물매각대,고정자산매각대,844000000,,,,0,844000000,,
해양수산부,세입,일반회계,-,관유물매각대,토지및무형자산매각대,64000000,,,,0,64000000,,
해양수산부,세입,일반회계,-,관유물매각대,재고자산매각대및유동자산,100000000,,,,0,100000000,,
해양수산부,세입,일반회계,-,융자및전대차관원금회수,융자원금회수,306000000,,,,0,306000000,,
해양수산부,세입,농어촌구조개선특별회계,구조개선사업계정,재산수입,기타이자수입및재산수입,2120000000,20197000000,26115000000,,0,2120000000,26115000000,
해양수산부,세입,농어촌구조개선특별회계,구조개선사업계정,경상이전수입,"벌금,몰수금및과태료",37000000,,,,0,37000000,,
해양수산부,세입,농어촌구조개선특별회계,구조개선사업계정,경상이전수입,변상금및위약금,290000000,,,,0,290000000,,
해양수산부,세입,농어촌구조개선특별회계,구조개선사업계정,경상이전수입,기타경상이전수입,17619000000,,,,0,17619000000,,
해양수산부,세입,농어촌구조개선특별회계,구조개선사업계정,재화및용역판매수입,면허료및수수료,56000000,,,,0,56000000,,
해양수산부,세입,농어촌구조개선특별회계,구조개선사업계정,재화및용역판매수입,실습수입,7000000,,,,0,7000000,,
해양수산부,세입,농어촌구조개선특별회계,구조개선사업계정,재화및용역판매수입,잡수입,63000000,,,,0,63000000,,
해양수산부,세입,농어촌구조개선특별회계,구조개선사업계정,관유물매각대,고정자산매각대,5000000,,,,0,5000000,,
해양수산부,세입,농어촌구조개선특별회계,농어촌특별세사업계정,재산수입,관유물대여료,7000000,5918000000,,,0,7000000,,
해양수산부,세입,농어촌구조개선특별회계,농어촌특별세사업계정,재산수입,기타이자수입및재산수입,377000000,,,,0,377000000,,
해양수산부,세입,농어촌구조개선특별회계,농어촌특별세사업계정,경상이전수입,"벌금,몰수금및과태료",1000000,,,,0,1000000,,
해양수산부,세입,농어촌구조개선특별회계,농어촌특별세사업계정,경상이전수입,변상금및위약금,8000000,,,,0,8000000,,
해양수산부,세입,농어촌구조개선특별회계,농어촌특별세사업계정,경상이전수입,기타경상이전수입,5360000000,,,,0,5360000000,,
해양수산부,세입,농어촌구조개선특별회계,농어촌특별세사업계정,재화및용역판매수입,잡수입,24000000,,,,0,24000000,,
해양수산부,세입,농어촌구조개선특별회계,농어촌특별세사업계정,관유물매각대,고정자산매각대,130000000,,,,0,130000000,,
해양수산부,세입,농어촌구조개선특별회계,농어촌특별세사업계정,관유물매각대,토지및무형자산매각대,11000000,,,,0,11000000,,
해양수산부,세입,교통시설특별회계,항만계정,재산수입,관유물대여료,2295000000,1339099000000,1339099000000,,0,2295000000,1379238000000,
해양수산부,세입,교통시설특별회계,항만계정,재산수입,정부출자수입,1599000000,,,,0,1599000000,,
해양수산부,세입,교통시설특별회계,항만계정,재산수입,기타이자수입및재산수입,4007000000,,,,0,4007000000,,
해양수산부,세입,교통시설특별회계,항만계정,경상이전수입,"벌금,몰수금및과태료",246000000,,,,0,246000000,,
해양수산부,세입,교통시설특별회계,항만계정,경상이전수입,변상금및위약금,4256000000,,,,0,4256000000,,
해양수산부,세입,교통시설특별회계,항만계정,경상이전수입,가산금,177000000,,,,0,177000000,,
해양수산부,세입,교통시설특별회계,항만계정,경상이전수입,기타경상이전수입,39562000000,,,,0,39562000000,,
해양수산부,세입,교통시설특별회계,항만계정,재화및용역판매수입,면허료및수수료,14702000000,,,,0,14702000000,,
해양수산부,세입,교통시설특별회계,항만계정,재화및용역판매수입,항공항만및용수수입,161305000000,,,,0,161305000000,,
해양수산부,세입,교통시설특별회계,항만계정,재화및용역판매수입,잡수입,5920000000,,,,0,5920000000,,
해양수산부,세입,교통시설특별회계,항만계정,관유물매각대,고정자산매각대,566000000,,,,0,566000000,,
해양수산부,세입,교통시설특별회계,항만계정,관유물매각대,토지및무형자산매각대,4652000000,,,,0,4652000000,,
해양수산부,세입,교통시설특별회계,항만계정,관유물매각대,재고자산매각대및유동자산,7000000,,,,0,7000000,,
해양수산부,세입,교통시설특별회계,항만계정,정부내부수입및기타,전입금,1099805000000,,,,40139000000,1139944000000,,
해양수산부,세입,에너지및자원사업특별회계,투자계정,재산수입,기타이자수입및재산수입,16000000,3833000000,3833000000,,0,16000000,3833000000,
해양수산부,세입,에너지및자원사업특별회계,투자계정,경상이전수입,기타경상이전수입,3817000000,,,,0,3817000000,,
해양수산부,세입,국가균형발전특별회계,지역자율계정,재산수입,기타이자수입및재산수입,93000000,4154000000,9461000000,,0,93000000,9461000000,
해양수산부,세입,국가균형발전특별회계,지역자율계정,경상이전수입,기타경상이전수입,4061000000,,,,0,4061000000,,
해양수산부,세입,국가균형발전특별회계,지역지원계정,재산수입,기타이자수입및재산수입,52000000,3673000000,,,0,52000000,,
해양수산부,세입,국가균형발전특별회계,지역지원계정,경상이전수입,기타경상이전수입,3621000000,,,,0,3621000000,,
해양수산부,세입,국가균형발전특별회계,제주특별자치도계정,경상이전수입,기타경상이전수입,1634000000,1634000000,,,0,1634000000,,
중소벤처기업부,세입,일반회계,-,재산수입,관유물대여료,124000000,,64765000000,81465000000,0,124000000,64765000000,81465000000
중소벤처기업부,세입,일반회계,-,재산수입,기타이자수입및재산수입,8415000000,,,,0,8415000000,,
중소벤처기업부,세입,일반회계,-,경상이전수입,"벌금,몰수금및과태료",150000000,,,,0,150000000,,
중소벤처기업부,세입,일반회계,-,경상이전수입,기타경상이전수입,56021000000,,,,0,56021000000,,
중소벤처기업부,세입,일반회계,-,재화및용역판매수입,잡수입,35000000,,,,0,35000000,,
중소벤처기업부,세입,일반회계,-,관유물매각대,고정자산매각대,20000000,,,,0,20000000,,
중소벤처기업부,세입,국가균형발전특별회계,지역자율계정,재산수입,기타이자수입및재산수입,510000000,7010000000,16700000000,,0,510000000,16700000000,
중소벤처기업부,세입,국가균형발전특별회계,지역자율계정,경상이전수입,기타경상이전수입,6500000000,,,,0,6500000000,,
중소벤처기업부,세입,국가균형발전특별회계,지역지원계정,재산수입,기타이자수입및재산수입,990000000,9690000000,,,0,990000000,,
중소벤처기업부,세입,국가균형발전특별회계,지역지원계정,경상이전수입,기타경상이전수입,8700000000,,,,0,8700000000,,
국가보훈처,세입,일반회계,-,재산수입,관유물대여료,101000000,,6990000000,7100000000,0,101000000,7948000000,8009000000
국가보훈처,세입,일반회계,-,재산수입,기타이자수입및재산수입,398000000,,,,0,398000000,,
국가보훈처,세입,일반회계,-,경상이전수입,"벌금,몰수금및과태료",67000000,,,,0,67000000,,
국가보훈처,세입,일반회계,-,경상이전수입,변상금및위약금,13000000,,,,0,13000000,,
국가보훈처,세입,일반회계,-,경상이전수입,기타경상이전수입,6361000000,,,,958000000,7319000000,,
국가보훈처,세입,일반회계,-,재화및용역판매수입,면허료및수수료,2000000,,,,0,2000000,,
국가보훈처,세입,일반회계,-,재화및용역판매수입,잡수입,13000000,,,,0,13000000,,
국가보훈처,세입,일반회계,-,관유물매각대,고정자산매각대,35000000,,,,0,35000000,,
국가보훈처,세입,에너지및자원사업특별회계,투자계정,재산수입,기타이자수입및재산수입,28000000,110000000,110000000,,0,28000000,61000000,
국가보훈처,세입,에너지및자원사업특별회계,투자계정,경상이전수입,기타경상이전수입,82000000,,,,-49000000,33000000,,
인사혁신처,세입,일반회계,-,재산수입,관유물대여료,17000000,,59280000000,59280000000,0,17000000,59280000000,59280000000
인사혁신처,세입,일반회계,-,경상이전수입,기타경상이전수입,568000000,,,,0,568000000,,
인사혁신처,세입,일반회계,-,재화및용역판매수입,면허료및수수료,1915000000,,,,0,1915000000,,
인사혁신처,세입,일반회계,-,재화및용역판매수입,잡수입,80000000,,,,0,80000000,,
인사혁신처,세입,일반회계,-,수입대체경비수입,잡수입,3328000000,,,,0,3328000000,,
인사혁신처,세입,일반회계,-,정부내부수입및기타,전입금,53372000000,,,,0,53372000000,,
식품의약품안전처,세입,일반회계,-,재산수입,관유물대여료,79000000,,24692000000,24698000000,0,79000000,24692000000,24698000000
식품의약품안전처,세입,일반회계,-,재산수입,기타이자수입및재산수입,169000000,,,,0,169000000,,
식품의약품안전처,세입,일반회계,-,경상이전수입,"벌금,몰수금및과태료",2497000000,,,,0,2497000000,,
식품의약품안전처,세입,일반회계,-,경상이전수입,변상금및위약금,232000000,,,,0,232000000,,
식품의약품안전처,세입,일반회계,-,경상이전수입,가산금,3000000,,,,0,3000000,,
식품의약품안전처,세입,일반회계,-,경상이전수입,기타경상이전수입,1360000000,,,,0,1360000000,,
식품의약품안전처,세입,일반회계,-,재화및용역판매수입,면허료및수수료,2406000000,,,,0,2406000000,,
식품의약품안전처,세입,일반회계,-,재화및용역판매수입,잡수입,3000000,,,,0,3000000,,
식품의약품안전처,세입,일반회계,-,수입대체경비수입,면허료및수수료,16634000000,,,,0,16634000000,,
식품의약품안전처,세입,일반회계,-,수입대체경비수입,잡수입,1196000000,,,,0,1196000000,,
식품의약품안전처,세입,일반회계,-,관유물매각대,고정자산매각대,113000000,,,,0,113000000,,
식품의약품안전처,세입,농어촌구조개선특별회계,구조개선사업계정,수입대체경비수입,고정자산매각대,6000000,6000000,6000000,,0,6000000,6000000,
국가인권위원회,세입,일반회계,-,재산수입,기타이자수입및재산수입,1000000,,17000000,17000000,0,1000000,17000000,17000000
국가인권위원회,세입,일반회계,-,경상이전수입,변상금및위약금,5000000,,,,0,5000000,,
국가인권위원회,세입,일반회계,-,경상이전수입,기타경상이전수입,10000000,,,,0,10000000,,
국가인권위원회,세입,일반회계,-,재화및용역판매수입,잡수입,1000000,,,,0,1000000,,
방송통신위원회,세입,일반회계,-,재산수입,기타이자수입및재산수입,60000000,,32267000000,32267000000,0,60000000,32267000000,32267000000
방송통신위원회,세입,일반회계,-,경상이전수입,"벌금,몰수금및과태료",31822000000,,,,0,31822000000,,
방송통신위원회,세입,일반회계,-,경상이전수입,가산금,4000000,,,,0,4000000,,
방송통신위원회,세입,일반회계,-,경상이전수입,기타경상이전수입,364000000,,,,0,364000000,,
방송통신위원회,세입,일반회계,-,재화및용역판매수입,면허료및수수료,15000000,,,,0,15000000,,
방송통신위원회,세입,일반회계,-,재화및용역판매수입,잡수입,2000000,,,,0,2000000,,
공정거래위원회,세입,일반회계,-,재산수입,기타이자수입및재산수입,2000000,,424754000000,424754000000,0,2000000,424754000000,424754000000
공정거래위원회,세입,일반회계,-,경상이전수입,"벌금,몰수금및과태료",423565000000,,,,0,423565000000,,
공정거래위원회,세입,일반회계,-,경상이전수입,변상금및위약금,1000000,,,,0,1000000,,
공정거래위원회,세입,일반회계,-,경상이전수입,가산금,247000000,,,,0,247000000,,
공정거래위원회,세입,일반회계,-,경상이전수입,기타경상이전수입,939000000,,,,0,939000000,,
금융위원회,세입,일반회계,-,경상이전수입,"벌금,몰수금및과태료",38474000000,,38751000000,38751000000,0,38474000000,38751000000,38751000000
금융위원회,세입,일반회계,-,경상이전수입,가산금,60000000,,,,0,60000000,,
금융위원회,세입,일반회계,-,경상이전수입,기타경상이전수입,217000000,,,,0,217000000,,
국민권익위원회,세입,일반회계,-,경상이전수입,"벌금,몰수금및과태료",13000000,,841000000,841000000,0,13000000,1141000000,1141000000
국민권익위원회,세입,일반회계,-,경상이전수입,기타경상이전수입,798000000,,,,300000000,1098000000,,
국민권익위원회,세입,일반회계,-,재화및용역판매수입,잡수입,30000000,,,,0,30000000,,
원자력안전위원회,세입,일반회계,-,경상이전수입,기타경상이전수입,1418000000,,1418000000,1418000000,0,1418000000,1418000000,1418000000
국세청,세입,일반회계,-,재산수입,관유물대여료,146000000,,924936000000,977843000000,0,146000000,924936000000,977843000000
국세청,세입,일반회계,-,경상이전수입,"벌금,몰수금및과태료",73130000000,,,,0,73130000000,,
국세청,세입,일반회계,-,경상이전수입,변상금및위약금,5000000,,,,0,5000000,,
국세청,세입,일반회계,-,경상이전수입,가산금,833000000000,,,,0,833000000000,,
국세청,세입,일반회계,-,경상이전수입,기타경상이전수입,17965000000,,,,0,17965000000,,
국세청,세입,일반회계,-,재화및용역판매수입,잡수입,21000000,,,,0,21000000,,
국세청,세입,일반회계,-,수입대체경비수입,잡수입,593000000,,,,0,593000000,,
국세청,세입,일반회계,-,관유물매각대,고정자산매각대,76000000,,,,0,76000000,,
국세청,세입,혁신도시건설특별회계,-,관유물매각대,고정자산매각대,3068000000,,52907000000,,0,3068000000,52907000000,
국세청,세입,혁신도시건설특별회계,-,관유물매각대,토지및무형자산매각대,49839000000,,,,0,49839000000,,
관세청,세입,일반회계,-,재산수입,관유물대여료,305000000,,103633000000,103633000000,0,305000000,132033000000,132033000000
관세청,세입,일반회계,-,재산수입,기타이자수입및재산수입,4000000,,,,0,4000000,,
관세청,세입,일반회계,-,경상이전수입,"벌금,몰수금및과태료",22676000000,,,,0,22676000000,,
관세청,세입,일반회계,-,경상이전수입,변상금및위약금,104000000,,,,0,104000000,,
관세청,세입,일반회계,-,경상이전수입,가산금,3251000000,,,,0,3251000000,,
관세청,세입,일반회계,-,경상이전수입,기타경상이전수입,412000000,,,,0,412000000,,
관세청,세입,일반회계,-,재화및용역판매수입,면허료및수수료,75631000000,,,,28400000000,104031000000,,
관세청,세입,일반회계,-,재화및용역판매수입,잡수입,1106000000,,,,0,1106000000,,
관세청,세입,일반회계,-,관유물매각대,고정자산매각대,144000000,,,,0,144000000,,
조달청,세입,조달특별회계,손익계정,기업특별회계영업수입,조달사업수입,201852000000,240446000000,390490000000,390490000000,0,201852000000,394210000000,394210000000
조달청,세입,조달특별회계,손익계정,재산수입,관유물대여료,3026000000,,,,0,3026000000,,
조달청,세입,조달특별회계,손익계정,경상이전수입,변상금및위약금,5200000000,,,,1860000000,7060000000,,
조달청,세입,조달특별회계,손익계정,재화및용역판매수입,잡수입,21222000000,,,,0,21222000000,,
조달청,세입,조달특별회계,손익계정,수입대체경비수입,잡수입,625000000,,,,0,625000000,,
조달청,세입,조달특별회계,손익계정,전년도이월금,전년도이월금,8521000000,,,,0,8521000000,,
조달청,세입,조달특별회계,자본계정,재산수입,기타이자수입및재산수입,448000000,150044000000,,,0,448000000,,
조달청,세입,조달특별회계,자본계정,관유물매각대,고정자산매각대,142000000,,,,0,142000000,,
조달청,세입,조달특별회계,자본계정,관유물매각대,토지및무형자산매각대,12521000000,,,,0,12521000000,,
조달청,세입,조달특별회계,자본계정,전년도이월금,전년도이월금,34792000000,,,,0,34792000000,,
조달청,세입,조달특별회계,자본계정,정부내부수입및기타,전입금,102141000000,,,,1860000000,104001000000,,
통계청,세입,일반회계,-,재산수입,기타이자수입및재산수입,2000000,,3256000000,3256000000,0,2000000,3256000000,3256000000
통계청,세입,일반회계,-,경상이전수입,"벌금,몰수금및과태료",2000000,,,,0,2000000,,
통계청,세입,일반회계,-,경상이전수입,변상금및위약금,15000000,,,,0,15000000,,
통계청,세입,일반회계,-,경상이전수입,기타경상이전수입,127000000,,,,0,127000000,,
통계청,세입,일반회계,-,재화및용역판매수입,잡수입,1013000000,,,,0,1013000000,,
통계청,세입,일반회계,-,수입대체경비수입,잡수입,2075000000,,,,0,2075000000,,
통계청,세입,일반회계,-,관유물매각대,고정자산매각대,22000000,,,,0,22000000,,
병무청,세입,일반회계,-,재산수입,관유물대여료,107000000,,206000000,206000000,0,107000000,206000000,206000000
병무청,세입,일반회계,-,경상이전수입,"벌금,몰수금및과태료",10000000,,,,0,10000000,,
병무청,세입,일반회계,-,경상이전수입,변상금및위약금,1000000,,,,0,1000000,,
병무청,세입,일반회계,-,경상이전수입,기타경상이전수입,75000000,,,,0,75000000,,
병무청,세입,일반회계,-,재화및용역판매수입,잡수입,4000000,,,,0,4000000,,
병무청,세입,일반회계,-,관유물매각대,고정자산매각대,9000000,,,,0,9000000,,
방위사업청,세입,일반회계,-,재산수입,관유물대여료,520000000,,259407000000,259407000000,0,520000000,259407000000,259407000000
방위사업청,세입,일반회계,-,재산수입,기타이자수입및재산수입,12415000000,,,,0,12415000000,,
방위사업청,세입,일반회계,-,경상이전수입,변상금및위약금,149582000000,,,,0,149582000000,,
방위사업청,세입,일반회계,-,경상이전수입,기타경상이전수입,96658000000,,,,0,96658000000,,
방위사업청,세입,일반회계,-,재화및용역판매수입,면허료및수수료,57000000,,,,0,57000000,,
방위사업청,세입,일반회계,-,재화및용역판매수입,잡수입,78000000,,,,0,78000000,,
방위사업청,세입,일반회계,-,정부내부수입및기타,전입금,97000000,,,,0,97000000,,
경찰청,세입,일반회계,-,재산수입,관유물대여료,1871000000,,882507000000,963339000000,0,1871000000,882507000000,963339000000
경찰청,세입,일반회계,-,재산수입,기타이자수입및재산수입,703000000,,,,0,703000000,,
경찰청,세입,일반회계,-,경상이전수입,"벌금,몰수금및과태료",816156000000,,,,0,816156000000,,
경찰청,세입,일반회계,-,경상이전수입,변상금및위약금,1367000000,,,,0,1367000000,,
경찰청,세입,일반회계,-,경상이전수입,가산금,39729000000,,,,0,39729000000,,
경찰청,세입,일반회계,-,경상이전수입,기타경상이전수입,13054000000,,,,0,13054000000,,
경찰청,세입,일반회계,-,재화및용역판매수입,면허료및수수료,801000000,,,,0,801000000,,
경찰청,세입,일반회계,-,재화및용역판매수입,입학금및수업료,328000000,,,,0,328000000,,
경찰청,세입,일반회계,-,재화및용역판매수입,잡수입,2409000000,,,,0,2409000000,,
경찰청,세입,일반회계,-,관유물매각대,고정자산매각대,4962000000,,,,0,4962000000,,
경찰청,세입,일반회계,-,관유물매각대,토지및무형자산매각대,1127000000,,,,0,1127000000,,
경찰청,세입,책임운영기관특별회계,경찰병원손익계정,기업특별회계운영수입,책임운영기관사업수입,29049000000,78291000000,80832000000,,0,29049000000,80832000000,
경찰청,세입,책임운영기관특별회계,경찰병원손익계정,재산수입,관유물대여료,450000000,,,,0,450000000,,
경찰청,세입,책임운영기관특별회계,경찰병원손익계정,재산수입,기타이자수입및재산수입,1000000,,,,0,1000000,,
경찰청,세입,책임운영기관특별회계,경찰병원손익계정,경상이전수입,변상금및위약금,6000000,,,,0,6000000,,
경찰청,세입,책임운영기관특별회계,경찰병원손익계정,경상이전수입,기타경상이전수입,40000000,,,,0,40000000,,
경찰청,세입,책임운영기관특별회계,경찰병원손익계정,재화및용역판매수입,병원수입,6238000000,,,,0,6238000000,,
경찰청,세입,책임운영기관특별회계,경찰병원손익계정,재화및용역판매수입,잡수입,40000000,,,,0,40000000,,
경찰청,세입,책임운영기관특별회계,경찰병원손익계정,관유물매각대,고정자산매각대,2000000,,,,0,2000000,,
경찰청,세입,책임운영기관특별회계,경찰병원손익계정,전년도이월금,전년도이월금,638000000,,,,0,638000000,,
경찰청,세입,책임운영기관특별회계,경찰병원손익계정,정부내부수입및기타,전입금,41827000000,,,,0,41827000000,,
경찰청,세입,책임운영기관특별회계,경찰병원자본계정,전년도이월금,전년도이월금,532000000,2541000000,,,0,532000000,,
경찰청,세입,책임운영기관특별회계,경찰병원자본계정,정부내부수입및기타,전입금,2007000000,,,,0,2007000000,,
경찰청,세입,책임운영기관특별회계,경찰병원자본계정,정부내부수입및기타,기타,2000000,,,,0,2000000,,
소방청,세입,일반회계,-,재산수입,기타이자수입및재산수입,424000000,,2537000000,2537000000,0,424000000,2537000000,2537000000
소방청,세입,일반회계,-,경상이전수입,변상금및위약금,76000000,,,,0,76000000,,
소방청,세입,일반회계,-,경상이전수입,기타경상이전수입,975000000,,,,0,975000000,,
소방청,세입,일반회계,-,재화및용역판매수입,면허료및수수료,19000000,,,,0,19000000,,
소방청,세입,일반회계,-,재화및용역판매수입,잡수입,21000000,,,,0,21000000,,
소방청,세입,일반회계,-,수입대체경비수입,잡수입,1022000000,,,,0,1022000000,,
문화재청,세입,일반회계,-,재산수입,관유물대여료,2295000000,,41859000000,41859000000,0,2295000000,41859000000,41859000000
문화재청,세입,일반회계,-,재산수입,기타이자수입및재산수입,550000000,,,,0,550000000,,
문화재청,세입,일반회계,-,경상이전수입,변상금및위약금,3542000000,,,,0,3542000000,,
문화재청,세입,일반회계,-,경상이전수입,기타경상이전수입,19890000000,,,,0,19890000000,,
문화재청,세입,일반회계,-,재화및용역판매수입,잡수입,50000000,,,,0,50000000,,
문화재청,세입,일반회계,-,수입대체경비수입,입장료수입,15468000000,,,,0,15468000000,,
문화재청,세입,일반회계,-,수입대체경비수입,잡수입,64000000,,,,0,64000000,,
농촌진흥청,세입,일반회계,-,재산수입,관유물대여료,43000000,,9451000000,18995000000,0,43000000,9451000000,18995000000
농촌진흥청,세입,일반회계,-,재산수입,기타이자수입및재산수입,628000000,,,,0,628000000,,
농촌진흥청,세입,일반회계,-,경상이전수입,변상금및위약금,118000000,,,,0,118000000,,
농촌진흥청,세입,일반회계,-,경상이전수입,기타경상이전수입,4154000000,,,,0,4154000000,,
농촌진흥청,세입,일반회계,-,재화및용역판매수입,면허료및수수료,14000000,,,,0,14000000,,
농촌진흥청,세입,일반회계,-,재화및용역판매수입,실습수입,4228000000,,,,0,4228000000,,
농촌진흥청,세입,일반회계,-,재화및용역판매수입,잡수입,126000000,,,,0,126000000,,
농촌진흥청,세입,일반회계,-,수입대체경비수입,잡수입,35000000,,,,0,35000000,,
농촌진흥청,세입,일반회계,-,관유물매각대,고정자산매각대,100000000,,,,0,100000000,,
농촌진흥청,세입,일반회계,-,관유물매각대,재고자산매각대및유동자산,5000000,,,,0,5000000,,
농촌진흥청,세입,농어촌구조개선특별회계,구조개선사업계정,재산수입,기타이자수입및재산수입,458000000,1718000000,1718000000,,0,458000000,1718000000,
농촌진흥청,세입,농어촌구조개선특별회계,구조개선사업계정,경상이전수입,기타경상이전수입,1260000000,,,,0,1260000000,,
농촌진흥청,세입,혁신도시건설특별회계,-,재산수입,관유물대여료,100000000,,6626000000,,0,100000000,6626000000,
농촌진흥청,세입,혁신도시건설특별회계,-,관유물매각대,고정자산매각대,75000000,,,,0,75000000,,
농촌진흥청,세입,혁신도시건설특별회계,-,관유물매각대,토지및무형자산매각대,6451000000,,,,0,6451000000,,
농촌진흥청,세입,국가균형발전특별회계,지역자율계정,경상이전수입,기타경상이전수입,700000000,700000000,1200000000,,0,700000000,1200000000,
농촌진흥청,세입,국가균형발전특별회계,지역지원계정,경상이전수입,기타경상이전수입,500000000,500000000,,,0,500000000,,
산림청,세입,일반회계,-,재산수입,관유물대여료,13804000000,,89400000000,933045000000,0,13804000000,89400000000,943070000000
산림청,세입,일반회계,-,재산수입,기타이자수입및재산수입,96000000,,,,0,96000000,,
산림청,세입,일반회계,-,경상이전수입,"벌금,몰수금및과태료",37000000,,,,0,37000000,,
산림청,세입,일반회계,-,경상이전수입,변상금및위약금,2715000000,,,,0,2715000000,,
산림청,세입,일반회계,-,경상이전수입,기타경상이전수입,12448000000,,,,0,12448000000,,
산림청,세입,일반회계,-,재화및용역판매수입,입장료수입,360000000,,,,0,360000000,,
산림청,세입,일반회계,-,재화및용역판매수입,면허료및수수료,39000000,,,,0,39000000,,
산림청,세입,일반회계,-,재화및용역판매수입,잡수입,3901000000,,,,0,3901000000,,
산림청,세입,일반회계,-,관유물매각대,고정자산매각대,108000000,,,,0,108000000,,
산림청,세입,일반회계,-,관유물매각대,토지및무형자산매각대,55892000000,,,,0,55892000000,,
산림청,세입,농어촌구조개선특별회계,임업진흥사업계정,재산수입,기타이자수입및재산수입,700000000,774350000000,774350000000,,0,700000000,781375000000,
산림청,세입,농어촌구조개선특별회계,임업진흥사업계정,경상이전수입,변상금및위약금,135000000,,,,0,135000000,,
산림청,세입,농어촌구조개선특별회계,임업진흥사업계정,경상이전수입,가산금,12000000,,,,0,12000000,,
산림청,세입,농어촌구조개선특별회계,임업진흥사업계정,경상이전수입,기타경상이전수입,171339000000,,,,0,171339000000,,
산림청,세입,농어촌구조개선특별회계,임업진흥사업계정,관유물매각대,토지및무형자산매각대,36500000000,,,,0,36500000000,,
산림청,세입,농어촌구조개선특별회계,임업진흥사업계정,융자및전대차관원금회수,융자원금회수,57300000000,,,,0,57300000000,,
산림청,세입,농어촌구조개선특별회계,임업진흥사업계정,전년도이월금,전년도이월금,78438000000,,,,0,78438000000,,
산림청,세입,농어촌구조개선특별회계,임업진흥사업계정,정부내부수입및기타,전입금,429926000000,,,,7025000000,436951000000,,
산림청,세입,책임운영기관특별회계,국립자연휴양림관리소손익계정,기업특별회계영업수입,책임운영기관사업수입,17800000000,30296000000,69295000000,,0,17800000000,72295000000,
산림청,세입,책임운영기관특별회계,국립자연휴양림관리소손익계정,재산수입,기타이자수입및재산수입,20000000,,,,0,20000000,,
산림청,세입,책임운영기관특별회계,국립자연휴양림관리소손익계정,경상이전수입,변상금및위약금,1000000,,,,0,1000000,,
산림청,세입,책임운영기관특별회계,국립자연휴양림관리소손익계정,경상이전수입,기타경상이전수입,58000000,,,,0,58000000,,
산림청,세입,책임운영기관특별회계,국립자연휴양림관리소손익계정,재화및용역판매수입,잡수입,1000000,,,,0,1000000,,
산림청,세입,책임운영기관특별회계,국립자연휴양림관리소손익계정,전년도이월금,전년도이월금,2934000000,,,,0,2934000000,,
산림청,세입,책임운영기관특별회계,국립자연휴양림관리소손익계정,정부내부수입및기타,전입금,9482000000,,,,0,9482000000,,
산림청,세입,책임운영기관특별회계,국립자연휴양림관리소자본계정,관유물매각대,고정자산매각대,20000000,38999000000,,,0,20000000,,
산림청,세입,책임운영기관특별회계,국립자연휴양림관리소자본계정,전년도이월금,전년도이월금,62000000,,,,0,62000000,,
산림청,세입,책임운영기관특별회계,국립자연휴양림관리소자본계정,정부내부수입및기타,전입금,38915000000,,,,3000000000,41915000000,,
산림청,세입,책임운영기관특별회계,국립자연휴양림관리소자본계정,정부내부수입및기타,기타,2000000,,,,0,2000000,,
특허청,세입,책임운영기관특별회계,특허청손익계정,기업특별회계영업수입,책임운영기관사업수입,494211000000,528675000000,664125000000,664125000000,0,494211000000,661550000000,661550000000
특허청,세입,책임운영기관특별회계,특허청손익계정,재산수입,관유물대여료,51000000,,,,0,51000000,,
특허청,세입,책임운영기관특별회계,특허청손익계정,재산수입,기타이자수입및재산수입,1320000000,,,,0,1320000000,,
특허청,세입,책임운영기관특별회계,특허청손익계정,경상이전수입,"벌금,몰수금및과태료",5000000,,,,0,5000000,,
특허청,세입,책임운영기관특별회계,특허청손익계정,경상이전수입,변상금및위약금,13000000,,,,0,13000000,,
특허청,세입,책임운영기관특별회계,특허청손익계정,경상이전수입,기타경상이전수입,945000000,,,,0,945000000,,
특허청,세입,책임운영기관특별회계,특허청손익계정,재화및용역판매수입,잡수입,4000000,,,,0,4000000,,
특허청,세입,책임운영기관특별회계,특허청손익계정,수입대체경비수입,관유물대여료,25000000,,,,0,25000000,,
특허청,세입,책임운영기관특별회계,특허청손익계정,수입대체경비수입,잡수입,375000000,,,,0,375000000,,
특허청,세입,책임운영기관특별회계,특허청손익계정,관유물매각대,고정자산매각대,19000000,,,,0,19000000,,
특허청,세입,책임운영기관특별회계,특허청손익계정,전년도이월금,전년도이월금,31707000000,,,,0,31707000000,,
특허청,세입,책임운영기관특별회계,특허청자본계정,정부내부수입및기타,예탁원금회수,53207000000,135450000000,,,0,53207000000,,
특허청,세입,책임운영기관특별회계,특허청자본계정,정부내부수입및기타,예탁이자수입,7325000000,,,,0,7325000000,,
특허청,세입,책임운영기관특별회계,특허청자본계정,정부내부수입및기타,기타,74918000000,,,,-2575000000,72343000000,,
기상청,세입,일반회계,-,재산수입,관유물대여료,16000000,,7719000000,7719000000,0,16000000,22036000000,22036000000
기상청,세입,일반회계,-,재산수입,기타이자수입및재산수입,470000000,,,,0,470000000,,
기상청,세입,일반회계,-,경상이전수입,변상금및위약금,470000000,,,,14317000000,14787000000,,
기상청,세입,일반회계,-,경상이전수입,기타경상이전수입,3197000000,,,,0,3197000000,,
기상청,세입,일반회계,-,재화및용역판매수입,입장료수입,43000000,,,,0,43000000,,
기상청,세입,일반회계,-,재화및용역판매수입,면허료및수수료,3477000000,,,,0,3477000000,,
기상청,세입,일반회계,-,재화및용역판매수입,잡수입,5000000,,,,0,5000000,,
기상청,세입,일반회계,-,관유물매각대,고정자산매각대,40000000,,,,0,40000000,,
기상청,세입,일반회계,-,관유물매각대,토지및무형자산매각대,1000000,,,,0,1000000,,
행정중심복합도시건설청,세입,행정중심복합도시건설특별회계,-,재산수입,관유물대여료,112000000,,282931000000,282931000000,0,112000000,299737000000,299737000000
행정중심복합도시건설청,세입,행정중심복합도시건설특별회계,-,재산수입,기타이자수입및재산수입,328000000,,,,0,328000000,,
행정중심복합도시건설청,세입,행정중심복합도시건설특별회계,-,경상이전수입,기타경상이전수입,3756000000,,,,0,3756000000,,
행정중심복합도시건설청,세입,행정중심복합도시건설특별회계,-,전년도이월금,전년도이월금,35637000000,,,,0,35637000000,,
행정중심복합도시건설청,세입,행정중심복합도시건설특별회계,-,정부내부수입및기타,전입금,243098000000,,,,16806000000,259904000000,,
새만금개발청,세입,일반회계,-,재산수입,관유물대여료,0,,614000000,785000000,480000000,480000000,1094000000,1265000000
새만금개발청,세입,일반회계,-,재화및용역판매수입,면허료및수수료,614000000,,,,0,614000000,,
새만금개발청,세입,국가균형발전특별회계,지역지원계정,재산수입,관유물대여료,171000000,171000000,171000000,,0,171000000,171000000,
해양경찰청,세입,일반회계,-,재산수입,관유물대여료,379000000,,4898000000,4898000000,0,379000000,4898000000,4898000000
해양경찰청,세입,일반회계,-,재산수입,기타이자수입및재산수입,22000000,,,,0,22000000,,
해양경찰청,세입,일반회계,-,경상이전수입,"벌금,몰수금및과태료",214000000,,,,0,214000000,,
해양경찰청,세입,일반회계,-,경상이전수입,변상금및위약금,1680000000,,,,0,1680000000,,
해양경찰청,세입,일반회계,-,경상이전수입,가산금,12000000,,,,0,12000000,,
해양경찰청,세입,일반회계,-,경상이전수입,기타경상이전수입,1101000000,,,,0,1101000000,,
해양경찰청,세입,일반회계,-,재화및용역판매수입,면허료및수수료,330000000,,,,0,330000000,,
해양경찰청,세입,일반회계,-,재화및용역판매수입,잡수입,650000000,,,,0,650000000,,
해양경찰청,세입,일반회계,-,관유물매각대,고정자산매각대,510000000,,,,0,510000000,,