소관,입출분류,회계분류,계정,장(분야),관(부문),항(프로그램),금액_원안,계정별합계_원안,회계분류별합계_원안,소관총계_원안,증감액,수정금액_확정안,회계분류별합계_확정안,소관총계_확정안
대통령경호실 및 국가안보실,세출,일반회계,-,일반.지방행정,일반행정,기관운영,59874000000,,93669000000,93669000000,0,59874000000,93669000000,93669000000
대통령경호실 및 국가안보실,세출,일반회계,-,일반.지방행정,일반행정,국정지원,33795000000,,,,0,33795000000,,
대통령경호처,세출,일반회계,-,일반.지방행정,일반행정,대통령경호처 운영,60121000000,,88639000000,88639000000,0,60121000000,88639000000,88639000000
대통령경호처,세출,일반회계,-,일반.지방행정,일반행정,대통령 및 국가요인 경호,28518000000,,,,0,28518000000,,
국회,세출,일반회계,-,일반.지방행정,입법및선거관리,의정활동지원,100008000000,,638084000000,638084000000,1117000000,101125000000,640904000000,640904000000
국회,세출,일반회계,-,일반.지방행정,입법및선거관리,국회사무처운영,94502000000,,,,1450000000,95952000000,,
국회,세출,일반회계,-,일반.지방행정,입법및선거관리,국회도서관운영,25796000000,,,,163000000,25959000000,,
국회,세출,일반회계,-,일반.지방행정,입법및선거관리,예산정책처운영,4500000000,,,,0,4500000000,,
국회,세출,일반회계,-,일반.지방행정,입법및선거관리,입법조사처운영,3569000000,,,,0,3569000000,,
국회,세출,일반회계,-,일반.지방행정,입법및선거관리,국회행정지원,409709000000,,,,90000000,409799000000,,
대법원,세출,일반회계,-,공공질서및안전,법원및헌재,재판활동지원,198884000000,,1628937000000,1943611000000,-403000000,198481000000,1622520000000,1937194000000
대법원,세출,일반회계,-,공공질서및안전,법원및헌재,법원시설 확충 및 유지보수,47827000000,,,,0,47827000000,,
대법원,세출,일반회계,-,공공질서및안전,법원및헌재,사법정보화운영,82025000000,,,,0,82025000000,,
대법원,세출,일반회계,-,공공질서및안전,법원및헌재,사법행정운영지원,1300201000000,,,,-6014000000,1294187000000,,
대법원,세출,등기특별회계,-,공공질서및안전,법원및헌재,법원시설확충및유지보수,25800000000,,314674000000,,0,25800000000,314674000000,
대법원,세출,등기특별회계,-,공공질서및안전,법원및헌재,사법정보화운영,53127000000,,,,0,53127000000,,
대법원,세출,등기특별회계,-,공공질서및안전,법원및헌재,사법행정운영지원,151534000000,,,,-150000000,151384000000,,
대법원,세출,등기특별회계,-,공공질서및안전,법원및헌재,회계간거래(전출금),74484000000,,,,150000000,74634000000,,
대법원,세출,등기특별회계,-,공공질서및안전,법원및헌재,내부거래지출,9729000000,,,,0,9729000000,,
헌법재판소,세출,일반회계,-,공공질서및안전,법원및헌재,헌법재판소운영,47962000000,,47962000000,47962000000,-86000000,47876000000,47876000000,47876000000
중앙선거관리위원회,세출,일반회계,-,일반.지방행정,입법및선거관리,선거의공정한관리,79944000000,,347178000000,347178000000,-3606500000,76337500000,343571500000,343571500000
중앙선거관리위원회,세출,일반회계,-,일반.지방행정,입법및선거관리,선거관리행정지원,267234000000,,,,0,267234000000,,
중앙선거관리위원회,세출,일반회계,-,통일.외교,통일,민주평화통일자문회의운영,31490000000,,31490000000,31490000000,90000000,31580000000,31580000000,31580000000
감사원,세출,일반회계,-,일반.지방행정,일반행정,감사활동 및 행정지원,132882000000,,132882000000,132882000000,-464000000,132418000000,132418000000,132418000000
국가정보원,세출,일반회계,-,일반.지방행정,일반행정,국가정보지원,560960000000,,560960000000,560960000000,-16400000000,544560000000,544560000000,544560000000
국무조정실 및 국무총리비서실,세출,일반회계,-,일반.지방행정,국정운영,정부출연연구기관 지원(R&D),490063000000,,573292000000,584731000000,-1252000000,488811000000,572565000000,583980000000
국무조정실 및 국무총리비서실,세출,일반회계,-,일반.지방행정,국정운영,국무총리실 행정지원,83028000000,,,,525000000,83553000000,,
국무조정실 및 국무총리비서실,세출,일반회계,-,일반.지방행정,국정운영,KDI 국제정책대학원 연금기금 국가부담금 지원,201000000,,,,0,201000000,,
국무조정실 및 국무총리비서실,세출,에너지및자원사업특별회계,투자계정,일반.지방행정,국정운영,정부출연연구기관 지원(R&D),11439000000,11439000000,11439000000,,-24000000,11415000000,11415000000,
기획재정부,세출,일반회계,-,일반.지방행정,재정.금융,경제정책,2557000000,,15770716000000,15770716000000,0,2557000000,15979064500000,15979064500000
기획재정부,세출,일반회계,-,일반.지방행정,재정.금융,정부위원회,2961000000,,,,-387000000,2574000000,,
기획재정부,세출,일반회계,-,일반.지방행정,재정.금융,정책조정,7866000000,,,,360000000,8226000000,,
기획재정부,세출,일반회계,-,일반.지방행정,재정.금융,자문회의 지원,2793000000,,,,-150000000,2643000000,,
기획재정부,세출,일반회계,-,일반.지방행정,재정.금융,조세정책,5175000000,,,,-256000000,4919000000,,
기획재정부,세출,일반회계,-,일반.지방행정,재정.금융,국고관리,11739000000,,,,-9000000000,2739000000,,
기획재정부,세출,일반회계,-,일반.지방행정,재정.금융,재정운용,4374000000,,,,0,4374000000,,
기획재정부,세출,일반회계,-,일반.지방행정,재정.금융,공공정책,5803000000,,,,0,5803000000,,
기획재정부,세출,일반회계,-,일반.지방행정,재정.금융,재정관리,10120000000,,,,0,10120000000,,
기획재정부,세출,일반회계,-,일반.지방행정,재정.금융,재정기획,80268000000,,,,-5619500000,74648500000,,
기획재정부,세출,일반회계,-,일반.지방행정,재정.금융,국제금융,170097000000,,,,0,170097000000,,
기획재정부,세출,일반회계,-,일반.지방행정,재정.금융,경제협력,31458000000,,,,-79000000,31379000000,,
기획재정부,세출,일반회계,-,일반.지방행정,재정.금융,기획재정 행정지원,132374000000,,,,-140000000,132234000000,,
기획재정부,세출,일반회계,-,일반.지방행정,재정.금융,회계기금간거래(전출금),842280000000,,,,-20000000000,822280000000,,
기획재정부,세출,일반회계,-,일반.지방행정,재정.금융,회계기금간거래(예수이자상환),8496353000000,,,,65590000000,8561943000000,,
기획재정부,세출,일반회계,-,교통및물류,물류등기타,사회기반시설 민자사업 지원,10000000000,,,,0,10000000000,,
기획재정부,세출,일반회계,-,국토및지역개발,지역및도시,회계간거래(전출금),2954498000000,,,,178030000000,3132528000000,,
기획재정부,세출,일반회계,-,예비비,예비비,예비비,3000000000000,,,,0,3000000000000,,
교육부,세출,일반회계,-,교육,유아및초중등교육,학교교육 내실화,234228000000,,70743520000000,75171459000000,0,234228000000,70448553000000,74947793000000
교육부,세출,일반회계,-,교육,유아및초중등교육,교육복지 증진,55868000000,,,,2880000000,58748000000,,
교육부,세출,일반회계,-,교육,유아및초중등교육,학교교육 활성화,23888000000,,,,2140000000,26028000000,,
교육부,세출,일반회계,-,교육,유아및초중등교육,지방교육재정교부금,55743098000000,,,,-494275000000,55248823000000,,
교육부,세출,일반회계,-,교육,유아및초중등교육,회계간거래,3744037000000,,,,71301000000,3815338000000,,
교육부,세출,일반회계,-,교육,고등교육,대학교육 역량강화,1131781000000,,,,16233000000,1148014000000,,
교육부,세출,일반회계,-,교육,고등교육,학술연구 역량 강화,876392000000,,,,-3746000000,872646000000,,
교육부,세출,일반회계,-,교육,고등교육,맞춤형 국가장학제도 기반 조성,4237797000000,,,,-11780000000,4226017000000,,
교육부,세출,일반회계,-,교육,고등교육,국립대학 운영지원,3190749000000,,,,119674000000,3310423000000,,
교육부,세출,일반회계,-,교육,고등교육,회계기금간거래(전출금),895689000000,,,,114000000,895803000000,,
교육부,세출,일반회계,-,교육,고등교육,회계기금간거래(예수원금상환),659000000,,,,0,659000000,,
교육부,세출,일반회계,-,교육,고등교육,회계기금간거래(예수이자상환),19000000,,,,0,19000000,,
교육부,세출,일반회계,-,교육,평생.직업교육,인적자원정책 기반강화,2467000000,,,,0,2467000000,,
교육부,세출,일반회계,-,교육,평생.직업교육,평생직업교육 체제 구축,136135000000,,,,-19000000,136116000000,,
교육부,세출,일반회계,-,교육,평생.직업교육,국제교육 협력 증진,100290000000,,,,1521000000,101811000000,,
교육부,세출,일반회계,-,교육,평생.직업교육,국립국제교육원 지원,90787000000,,,,0,90787000000,,
교육부,세출,일반회계,-,교육,평생.직업교육,산학연 협력 활성화,9491000000,,,,0,9491000000,,
교육부,세출,일반회계,-,교육,평생.직업교육,정보활용 활성화 지원,11407000000,,,,0,11407000000,,
교육부,세출,일반회계,-,교육,교육일반,교육행정지원,127030000000,,,,990000000,128020000000,,
교육부,세출,일반회계,-,사회복지,기초생활보장,기초생활보장,131708000000,,,,0,131708000000,,
교육부,세출,국가균형발전특별회계,지역지원계정,교육,고등교육,대학교육 역량강화,292515000000,683902000000,683902000000,,0,292515000000,683902000000,
교육부,세출,국가균형발전특별회계,지역지원계정,교육,평생.직업교육,산학연 협력 활성화,391387000000,,,,0,391387000000,,
교육부,세출,유아교육지원특별회계,-,교육,유아및초중등교육,지방교육정책 지원,3744037000000,,3744037000000,,71301000000,3815338000000,3815338000000,
과학기술정보통신부,세출,일반회계,-,일반.지방행정,국정운영,과학기술정보통신부운영지원,2353000000,,6601718000000,16239330000000,0,2353000000,6631362000000,16270485000000
과학기술정보통신부,세출,일반회계,-,일반.지방행정,정부자원관리,국가사회정보화,99308000000,,,,150000000,99458000000,,
과학기술정보통신부,세출,일반회계,-,교육,고등교육,과학기술인력양성,174972000000,,,,2000000000,176972000000,,
과학기술정보통신부,세출,일반회계,-,교육,평생.직업교육,평생직업교육 체제 구축,38774000000,,,,0,38774000000,,
과학기술정보통신부,세출,일반회계,-,교육,평생.직업교육,공공연구성과활성화,65707000000,,,,0,65707000000,,
과학기술정보통신부,세출,일반회계,-,교육,교육일반,과학기술정보통신부운영지원,3138000000,,,,0,3138000000,,
과학기술정보통신부,세출,일반회계,-,문화및관광,문화예술,콘텐츠방송산업육성,37301000000,,,,-1000000000,36301000000,,
과학기술정보통신부,세출,일반회계,-,문화및관광,문화및관광일반,과학기술정보통신부운영지원,32964000000,,,,0,32964000000,,
과학기술정보통신부,세출,일반회계,-,산업.중소기업및에너지,산업혁신지원,SW산업활성화,113915000000,,,,-500000000,113415000000,,
과학기술정보통신부,세출,일반회계,-,통신,방송통신,통신정책지원,26772000000,,,,0,26772000000,,
과학기술정보통신부,세출,일반회계,-,통신,방송통신,전파활용방송서비스산업,24869000000,,,,0,24869000000,,
과학기술정보통신부,세출,일반회계,-,통신,방송통신,과학기술정보통신부운영지원,101670000000,,,,0,101670000000,,
과학기술정보통신부,세출,일반회계,-,통신,방송통신,회계간거래,10082000000,,,,0,10082000000,,
과학기술정보통신부,세출,일반회계,-,통신,정보통신,인터넷융합산업,9850000000,,,,0,9850000000,,
과학기술정보통신부,세출,일반회계,-,통신,정보통신,정보통신융합산업,43306000000,,,,-2100000000,41206000000,,
과학기술정보통신부,세출,일반회계,-,통신,정보통신,SW산업진흥,5909000000,,,,0,5909000000,,
과학기술정보통신부,세출,일반회계,-,통신,정보통신,정보보호및활용,77844000000,,,,-700000000,77144000000,,
과학기술정보통신부,세출,일반회계,-,과학기술,과학기술연구지원,과학기술혁신지원,78079000000,,,,820000000,78899000000,,
과학기술정보통신부,세출,일반회계,-,과학기술,과학기술연구지원,과학기술기반조성,261169000000,,,,750000000,261919000000,,
과학기술정보통신부,세출,일반회계,-,과학기술,과학기술연구지원,출연연구기관지원,2611851000000,,,,2722000000,2614573000000,,
과학기술정보통신부,세출,일반회계,-,과학기술,과학기술연구지원,공공연구성과활성화,41688000000,,,,-500000000,41188000000,,
과학기술정보통신부,세출,일반회계,-,과학기술,과학기술연구지원,과학기술국제협력,42847000000,,,,1000000000,43847000000,,
과학기술정보통신부,세출,일반회계,-,과학기술,과학기술일반,과학기술정보통신부운영지원,69752000000,,,,0,69752000000,,
과학기술정보통신부,세출,일반회계,-,과학기술,과학기술일반,회계간 거래,59056000000,,,,0,59056000000,,
과학기술정보통신부,세출,일반회계,-,과학기술,과학기술인력및문화,과학기술인력양성,25774000000,,,,-200000000,25574000000,,
과학기술정보통신부,세출,일반회계,-,과학기술,과학기술인력및문화,과학문화창달,69211000000,,,,4202000000,73413000000,,
과학기술정보통신부,세출,일반회계,-,과학기술,과학기술연구개발,미래유망원천기술개발,772572000000,,,,0,772572000000,,
과학기술정보통신부,세출,일반회계,-,과학기술,과학기술연구개발,기초연구진흥,1263553000000,,,,22600000000,1286153000000,,
과학기술정보통신부,세출,일반회계,-,과학기술,과학기술연구개발,우주개발진흥,328989000000,,,,400000000,329389000000,,
과학기술정보통신부,세출,일반회계,-,과학기술,과학기술연구개발,원자력 진흥,69127000000,,,,0,69127000000,,
과학기술정보통신부,세출,일반회계,-,과학기술,과학기술연구개발,국민생활개선,39316000000,,,,0,39316000000,,
과학기술정보통신부,세출,에너지및자원사업특별회계,투자계정,과학기술,과학기술연구지원,출연연구기관지원,380174000000,380174000000,380174000000,,-1055000000,379119000000,379119000000,
과학기술정보통신부,세출,우체국보험특별회계,-,통신,우정,우체국보험,289991000000,,988744000000,,-29739000000,260252000000,988744000000,
과학기술정보통신부,세출,우체국보험특별회계,-,통신,우정,우정사업행정지원,194000000,,,,0,194000000,,
과학기술정보통신부,세출,우체국보험특별회계,-,통신,우정,회계간거래(전출금),340420000000,,,,0,340420000000,,
과학기술정보통신부,세출,우체국보험특별회계,-,통신,우정,회계기금간거래(전출금),28682000000,,,,0,28682000000,,
과학기술정보통신부,세출,우체국보험특별회계,-,통신,우정,우체국보험 적립금 운용,329457000000,,,,29739000000,359196000000,,
과학기술정보통신부,세출,국가균형발전특별회계,지역지원계정,교육,평생.직업교육,공공연구성과활성화,29153000000,182723000000,184267000000,,0,29153000000,186805000000,
과학기술정보통신부,세출,국가균형발전특별회계,지역지원계정,산업.중소기업및에너지,산업혁신지원,지역경제활성화,31215000000,,,,0,31215000000,,
과학기술정보통신부,세출,국가균형발전특별회계,지역지원계정,통신,정보통신,정보통신융합산업,1940000000,,,,400000000,2340000000,,
과학기술정보통신부,세출,국가균형발전특별회계,지역지원계정,과학기술,과학기술연구지원,출연연구기관지원,3612000000,,,,0,3612000000,,
과학기술정보통신부,세출,국가균형발전특별회계,지역지원계정,과학기술,과학기술연구지원,공공연구성과활성화,96803000000,,,,2138000000,98941000000,,
과학기술정보통신부,세출,국가균형발전특별회계,지역지원계정,과학기술,과학기술연구개발,원자력 진흥,20000000000,,,,0,20000000000,,
과학기술정보통신부,세출,국가균형발전특별회계,제주특별자치도계정,산업.중소기업및에너지,산업혁신지원,지역경제활성화,740000000,740000000,,,0,740000000,,
과학기술정보통신부,세출,국가균형발전특별회계,세종특별자치시계정,산업.중소기업및에너지,산업혁신지원,지역경제활성화,804000000,804000000,,,0,804000000,,
과학기술정보통신부,세출,책임운영기관특별회계,국립중앙과학관손익계정,과학기술,과학기술일반,회계기금간거래,1359000000,24539000000,71824000000,,0,1359000000,71824000000,
과학기술정보통신부,세출,책임운영기관특별회계,국립중앙과학관손익계정,과학기술,과학기술일반,계정간거래,1191000000,,,,0,1191000000,,
과학기술정보통신부,세출,책임운영기관특별회계,국립중앙과학관손익계정,과학기술,과학기술인력및문화,국립중앙과학관운영,21989000000,,,,0,21989000000,,
과학기술정보통신부,세출,책임운영기관특별회계,국립과천과학관손익계정,과학기술,과학기술일반,회계기금간거래,496000000,27408000000,,,0,496000000,,
과학기술정보통신부,세출,책임운영기관특별회계,국립과천과학관손익계정,과학기술,과학기술일반,계정간거래,1501000000,,,,0,1501000000,,
과학기술정보통신부,세출,책임운영기관특별회계,국립과천과학관손익계정,과학기술,과학기술인력및문화,국립과천과학관운영,25411000000,,,,0,25411000000,,
과학기술정보통신부,세출,책임운영기관특별회계,국립중앙과학관자본계정,과학기술,과학기술인력및문화,국립중앙과학관운영,12879000000,12879000000,,,0,12879000000,,
과학기술정보통신부,세출,책임운영기관특별회계,국립과천과학관자본계정,과학기술,과학기술인력및문화,국립과천과학관운영,6998000000,6998000000,,,0,6998000000,,
과학기술정보통신부,세출,우편사업특별회계,손익계정,통신,우정,우정서비스,1562005000000,4731252000000,4919744000000,,-550000000,1561455000000,4919754000000,
과학기술정보통신부,세출,우편사업특별회계,손익계정,통신,우정,우정사업행정지원,1963053000000,,,,0,1963053000000,,
과학기술정보통신부,세출,우편사업특별회계,손익계정,통신,우정,회계기금간거래,1026920000000,,,,560000000,1027480000000,,
과학기술정보통신부,세출,우편사업특별회계,손익계정,통신,우정,계정간거래,179274000000,,,,0,179274000000,,
과학기술정보통신부,세출,우편사업특별회계,자본계정,통신,우정,우정서비스,188492000000,188492000000,,,0,188492000000,,
과학기술정보통신부,세출,우체국예금특별회계,손익계정,통신,우정,우체국예금,1732562000000,3085454000000,3092859000000,,-1000000000,1731562000000,3092877000000,
과학기술정보통신부,세출,우체국예금특별회계,손익계정,통신,우정,우정사업행정지원,238000000,,,,0,238000000,,
과학기술정보통신부,세출,우체국예금특별회계,손익계정,통신,우정,회계간거래(전출금),577988000000,,,,0,577988000000,,
과학기술정보통신부,세출,우체국예금특별회계,손익계정,통신,우정,회계기금간거래(전출금),70000000000,,,,0,70000000000,,
과학기술정보통신부,세출,우체국예금특별회계,손익계정,통신,우정,회계기금간거래,697995000000,,,,1018000000,699013000000,,
과학기술정보통신부,세출,우체국예금특별회계,손익계정,통신,우정,계정간거래,6671000000,,,,0,6671000000,,
과학기술정보통신부,세출,우체국예금특별회계,자본계정,통신,우정,우체국예금,7405000000,7405000000,,,0,7405000000,,
외교부,세출,일반회계,-,통일.외교,외교.통상,한반도 평화 조성,16508000000,,2358638000000,2358638000000,142500000,16650500000,2355607000000,2355607000000
외교부,세출,일반회계,-,통일.외교,외교.통상,정상외교,23301000000,,,,0,23301000000,,
외교부,세출,일반회계,-,통일.외교,외교.통상,국제기구분담금,454539000000,,,,0,454539000000,,
외교부,세출,일반회계,-,통일.외교,외교.통상,지역외교,18231000000,,,,250000000,18481000000,,
외교부,세출,일반회계,-,통일.외교,외교.통상,다자관계 협력,15364000000,,,,150000000,15514000000,,
외교부,세출,일반회계,-,통일.외교,외교.통상,국제개발협력,806972000000,,,,-4600000000,802372000000,,
외교부,세출,일반회계,-,통일.외교,외교.통상,문화외교 및 국제교류,21423000000,,,,-255000000,21168000000,,
외교부,세출,일반회계,-,통일.외교,외교.통상,재외동포보호 및 지원,83063000000,,,,80000000,83143000000,,
외교부,세출,일반회계,-,통일.외교,외교.통상,여권업무 선진화,101699000000,,,,20000000,101719000000,,
외교부,세출,일반회계,-,통일.외교,외교.통상,경제외교,5883000000,,,,0,5883000000,,
외교부,세출,일반회계,-,통일.외교,외교.통상,에너지 및 글로벌 이슈 대응 외고,3134000000,,,,30000000,3164000000,,
외교부,세출,일반회계,-,통일.외교,외교.통상,외교정책연구 및 교육,13326000000,,,,0,13326000000,,
외교부,세출,일반회계,-,통일.외교,외교.통상,재외공관운영,601498000000,,,,1066000000,602564000000,,
외교부,세출,일반회계,-,통일.외교,외교.통상,외교 행정지원,185414000000,,,,85500000,185499500000,,
외교부,세출,일반회계,-,통일.외교,외교.통상,차입금원금 상환,8283000000,,,,0,8283000000,,
통일부,세출,일반회계,-,통일.외교,통일,통일정책,7890000000,,418430000000,418430000000,-340000000,7550000000,319875000000,319875000000
통일부,세출,일반회계,-,통일.외교,통일,북한정세분석,3149000000,,,,0,3149000000,,
통일부,세출,일반회계,-,통일.외교,통일,인도적 문제해결,5275000000,,,,500000000,5775000000,,
통일부,세출,일반회계,-,통일.외교,통일,북한이탈주민 정착지원,106351000000,,,,1085000000,107436000000,,
통일부,세출,일반회계,-,통일.외교,통일,개성공단 등 남북경제협력,2725000000,,,,0,2725000000,,
통일부,세출,일반회계,-,통일.외교,통일,개성공단 지원,585000000,,,,0,585000000,,
통일부,세출,일반회계,-,통일.외교,통일,남북회담,3958000000,,,,0,3958000000,,
통일부,세출,일반회계,-,통일.외교,통일,통일교육,23860000000,,,,200000000,24060000000,,
통일부,세출,일반회계,-,통일.외교,통일,통일행정지원,64637000000,,,,0,64637000000,,
통일부,세출,일반회계,-,통일.외교,통일,회계기금간거래,200000000000,,,,-100000000000,100000000000,,
법무부,세출,일반회계,-,공공질서및안전,법무및검찰,법무활동,217756000000,,3689561000000,3816427000000,99932000000,317688000000,3796381000000,3923198000000
법무부,세출,일반회계,-,공공질서및안전,법무및검찰,인권활동,60551000000,,,,-492000000,60059000000,,
법무부,세출,일반회계,-,공공질서및안전,법무및검찰,출입국관리,91414000000,,,,-57000000,91357000000,,
법무부,세출,일반회계,-,공공질서및안전,법무및검찰,검찰활동,307988000000,,,,-1380000000,306608000000,,
법무부,세출,일반회계,-,공공질서및안전,법무및검찰,교정활동,298957000000,,,,10551000000,309508000000,,
법무부,세출,일반회계,-,공공질서및안전,법무및검찰,범죄예방활동,102845000000,,,,374000000,103219000000,,
법무부,세출,일반회계,-,공공질서및안전,법무및검찰,특별감찰관활동,1682000000,,,,0,1682000000,,
법무부,세출,일반회계,-,공공질서및안전,법무및검찰,법무교육훈련,7097000000,,,,92000000,7189000000,,
법무부,세출,일반회계,-,공공질서및안전,법무및검찰,법무및검찰행정지원,2518831000000,,,,-2200000000,2516631000000,,
법무부,세출,일반회계,-,공공질서및안전,법무및검찰,회계기금간거래(전출금),82440000000,,,,0,82440000000,,
법무부,세출,교도작업특별회계,-,공공질서및안전,법무및검찰,교정활동,67093000000,,126866000000,,2780000000,69873000000,126817000000,
법무부,세출,교도작업특별회계,-,공공질서및안전,법무및검찰,법무및검찰행정지원,568000000,,,,0,568000000,,
법무부,세출,교도작업특별회계,-,공공질서및안전,법무및검찰,회계기금간거래(예탁금),59205000000,,,,-2829000000,56376000000,,
국방부,세출,일반회계,-,국방,병력운영,급여정책,13674656000000,,31323761000000,32609184000000,-28749000000,13645907000000,31323761000000,32609220000000
국방부,세출,일반회계,-,국방,병력운영,급식및피복,2186253000000,,,,3156000000,2189409000000,,
국방부,세출,일반회계,-,국방,병력운영,회계기금간거래(전출금),2940526000000,,,,0,2940526000000,,
국방부,세출,일반회계,-,국방,전력유지,국방정보화,502729000000,,,,0,502729000000,,
국방부,세출,일반회계,-,국방,전력유지,장병보건및복지향상,370777000000,,,,346000000,371123000000,,
국방부,세출,일반회계,-,국방,전력유지,군수지원및협력,5293744000000,,,,37380000000,5331124000000,,
국방부,세출,일반회계,-,국방,전력유지,군인사및교육훈련,611660000000,,,,549000000,612209000000,,
국방부,세출,일반회계,-,국방,전력유지,군사시설건설및운영,3453591000000,,,,-13842000000,3439749000000,,
국방부,세출,일반회계,-,국방,전력유지,예비전력관리,168950000000,,,,1360000000,170310000000,,
국방부,세출,일반회계,-,국방,전력유지,책임운영기관 운영,222609000000,,,,0,222609000000,,
국방부,세출,일반회계,-,국방,전력유지,정책기획 및 국제협력,1116072000000,,,,0,1116072000000,,
국방부,세출,일반회계,-,국방,전력유지,국방행정지원,782194000000,,,,-200000000,781994000000,,
국방부,세출,주한미군기지이전특별회계,-,국방,전력유지,미군기지이전사업,320517000000,,493318000000,,0,320517000000,493318000000,
국방부,세출,주한미군기지이전특별회계,-,국방,전력유지,회계기금간거래(예수원금상환),99400000000,,,,0,99400000000,,
국방부,세출,주한미군기지이전특별회계,-,국방,전력유지,회계기금간거래(예수이자상환),73401000000,,,,0,73401000000,,
국방부,세출,국방.군사시설이전특별회계,-,국방,전력유지,국방군사시설이전사업,396473000000,,792105000000,,-2000000000,394473000000,792141000000,
국방부,세출,국방.군사시설이전특별회계,-,국방,전력유지,회계기금간거래(공적자금 예탁),395632000000,,,,2036000000,397668000000,,
행정안전부,세출,일반회계,-,일반.지방행정,지방행정.재정지원,지방자치분권,43784000000,,55389642000000,56047199000000,-3138000000,40646000000,55020885000000,55681700000000
행정안전부,세출,일반회계,-,일반.지방행정,지방행정.재정지원,지역발전,131329000000,,,,10160000000,141489000000,,
행정안전부,세출,일반회계,-,일반.지방행정,지방행정.재정지원,지방재정경제,14577000000,,,,9816000000,24393000000,,
행정안전부,세출,일반회계,-,일반.지방행정,지방행정.재정지원,지방자치인재개발,11689000000,,,,0,11689000000,,
행정안전부,세출,일반회계,-,일반.지방행정,지방행정.재정지원,이북5도,2098000000,,,,0,2098000000,,
행정안전부,세출,일반회계,-,일반.지방행정,지방행정.재정지원,지방교부세,52774506000000,,,,-312722000000,52461784000000,,
행정안전부,세출,일반회계,-,일반.지방행정,정부자원관리,인사관리,224000000,,,,0,224000000,,
행정안전부,세출,일반회계,-,일반.지방행정,정부자원관리,정부혁신조직,83678000000,,,,-2792000000,80886000000,,
행정안전부,세출,일반회계,-,일반.지방행정,정부자원관리,전자정부,549753000000,,,,-3934000000,545819000000,,
행정안전부,세출,일반회계,-,일반.지방행정,일반행정,정부의전,21507000000,,,,0,21507000000,,
행정안전부,세출,일반회계,-,일반.지방행정,일반행정,청사관리,190933000000,,,,0,190933000000,,
행정안전부,세출,일반회계,-,일반.지방행정,일반행정,기록물관리,40688000000,,,,0,40688000000,,
행정안전부,세출,일반회계,-,일반.지방행정,일반행정,민주화지원및과거사정리,36583000000,,,,3087000000,39670000000,,
행정안전부,세출,일반회계,-,일반.지방행정,일반행정,행정안전행정지원,368190000000,,,,-447000000,367743000000,,
행정안전부,세출,일반회계,-,공공질서및안전,경찰,과학수사,55961000000,,,,3442000000,59403000000,,
행정안전부,세출,일반회계,-,공공질서및안전,재난관리,안전관리,471121000000,,,,6171000000,477292000000,,
행정안전부,세출,일반회계,-,공공질서및안전,재난관리,재난관리,70089000000,,,,1600000000,71689000000,,
행정안전부,세출,일반회계,-,공공질서및안전,재난관리,재난안전기술개발,58944000000,,,,0,58944000000,,
행정안전부,세출,일반회계,-,공공질서및안전,재난관리,재난안전정보화,195354000000,,,,-20000000000,175354000000,,
행정안전부,세출,일반회계,-,사회복지,취약계층지원,일자리지원,268634000000,,,,-60000000000,208634000000,,
행정안전부,세출,국가균형발전특별회계,지역자율계정,일반.지방행정,지방행정.재정지원,지역발전,195102000000,451942000000,657557000000,,0,195102000000,660815000000,
행정안전부,세출,국가균형발전특별회계,지역자율계정,공공질서및안전,재난관리,안전관리,249190000000,,,,0,249190000000,,
행정안전부,세출,국가균형발전특별회계,지역자율계정,사회복지,취약계층지원,일자리지원,7650000000,,,,0,7650000000,,
행정안전부,세출,국가균형발전특별회계,지역지원계정,일반.지방행정,지방행정.재정지원,지방자치분권,16685000000,188079000000,,,0,16685000000,,
행정안전부,세출,국가균형발전특별회계,지역지원계정,일반.지방행정,지방행정.재정지원,지역발전,40155000000,,,,1843000000,41998000000,,
행정안전부,세출,국가균형발전특별회계,지역지원계정,일반.지방행정,정부자원관리,전자정부,3340000000,,,,0,3340000000,,
행정안전부,세출,국가균형발전특별회계,지역지원계정,사회복지,취약계층지원,일자리지원,40947000000,,,,0,40947000000,,
행정안전부,세출,국가균형발전특별회계,지역지원계정,교통및물류,도로,지방도구조개선,86952000000,,,,952000000,87904000000,,
행정안전부,세출,국가균형발전특별회계,제주특별자치도계정,일반.지방행정,지방행정.재정지원,지방자치분권,30000000,9596000000,,,0,30000000,,
행정안전부,세출,국가균형발전특별회계,제주특별자치도계정,일반.지방행정,지방행정.재정지원,지역발전,2288000000,,,,0,2288000000,,
행정안전부,세출,국가균형발전특별회계,제주특별자치도계정,공공질서및안전,재난관리,안전관리,5884000000,,,,0,5884000000,,
행정안전부,세출,국가균형발전특별회계,제주특별자치도계정,사회복지,취약계층지원,일자리지원,510000000,,,,0,510000000,,
행정안전부,세출,국가균형발전특별회계,제주특별자치도계정,교통및물류,도로,지방도구조개선,884000000,,,,150000000,1034000000,,
행정안전부,세출,국가균형발전특별회계,세종특별자치시계정,공공질서및안전,재난관리,안전관리,6658000000,7940000000,,,0,6658000000,,
행정안전부,세출,국가균형발전특별회계,세종특별자치시계정,사회복지,취약계층지원,일자리지원,510000000,,,,0,510000000,,
행정안전부,세출,국가균형발전특별회계,세종특별자치시계정,교통및물류,도로,지방도구조개선,772000000,,,,313000000,1085000000,,
문화체육관광부,세출,일반회계,-,문화및관광,문화예술,종교문화지원,55075000000,,2348924000000,3335193000000,1516000000,56591000000,2443013000000,3449815000000
문화체육관광부,세출,일반회계,-,문화및관광,문화예술,콘텐츠산업 육성,489978000000,,,,-12500000000,477478000000,,
문화체육관광부,세출,일반회계,-,문화및관광,문화예술,건강한 저작권 생태계 조성,69369000000,,,,-97000000,69272000000,,
문화체육관광부,세출,일반회계,-,문화및관광,문화예술,문화미디어산업육성및지원,107166000000,,,,1720000000,108886000000,,
문화체육관광부,세출,일반회계,-,문화및관광,문화예술,창의적문화정책구현,87616000000,,,,8859000000,96475000000,,
문화체육관광부,세출,일반회계,-,문화및관광,문화예술,"예술의 진흥 및 생활화, 산업화",320768000000,,,,4577000000,325345000000,,
문화체육관광부,세출,일반회계,-,문화및관광,문화예술,국정홍보기획,27491000000,,,,-900000000,26591000000,,
문화체육관광부,세출,일반회계,-,문화및관광,문화예술,지역문화 진흥 및 문화기반 조성,147862000000,,,,80846000000,228708000000,,
문화체육관광부,세출,일반회계,-,문화및관광,문화예술,한국예술종합학교운영,39744000000,,,,0,39744000000,,
문화체육관광부,세출,일반회계,-,문화및관광,문화예술,국립박물관운영,128410000000,,,,100000000,128510000000,,
문화체육관광부,세출,일반회계,-,문화및관광,문화예술,국립국어원운영,32303000000,,,,0,32303000000,,
문화체육관광부,세출,일반회계,-,문화및관광,문화예술,국립중앙도서관운영,73862000000,,,,383000000,74245000000,,
문화체육관광부,세출,일반회계,-,문화및관광,문화예술,해외문화홍보원 운영,92669000000,,,,-1000000000,91669000000,,
문화체육관광부,세출,일반회계,-,문화및관광,문화예술,국립중앙극장운영,58467000000,,,,0,58467000000,,
문화체육관광부,세출,일반회계,-,문화및관광,문화예술,국립현대미술관운영,51752000000,,,,260000000,52012000000,,
문화체육관광부,세출,일반회계,-,문화및관광,문화예술,국립국악원운영,65078000000,,,,200000000,65278000000,,
문화체육관광부,세출,일반회계,-,문화및관광,문화예술,국립민속박물관운영,26446000000,,,,0,26446000000,,
문화체육관광부,세출,일반회계,-,문화및관광,문화예술,대한민국역사박물관 운영,15241000000,,,,0,15241000000,,
문화체육관광부,세출,일반회계,-,문화및관광,문화예술,국립한글박물관 운영,11180000000,,,,0,11180000000,,
문화체육관광부,세출,일반회계,-,문화및관광,문화예술,한국정책방송원 운영,21167000000,,,,0,21167000000,,
문화체육관광부,세출,일반회계,-,문화및관광,문화예술,회계간거래(전출금),60675000000,,,,10150000000,70825000000,,
문화체육관광부,세출,일반회계,-,문화및관광,문화예술,회계기금간거래(전출금),88441000000,,,,0,88441000000,,
문화체육관광부,세출,일반회계,-,문화및관광,관광,외래관광객유치,2245000000,,,,0,2245000000,,
문화체육관광부,세출,일반회계,-,문화및관광,관광,사행산업통합감독위원회 운영,4607000000,,,,200000000,4807000000,,
문화체육관광부,세출,일반회계,-,문화및관광,관광,생활체육육성,1740000000,,,,0,1740000000,,
문화체육관광부,세출,일반회계,-,문화및관광,관광,스포츠산업 육성 및 국제교류,134000000,,,,0,134000000,,
문화체육관광부,세출,일반회계,-,문화및관광,관광,국제스포츠역량강화,880000000,,,,0,880000000,,
문화체육관광부,세출,일반회계,-,문화및관광,관광,장애인체육육성,258000000,,,,0,258000000,,
문화체육관광부,세출,일반회계,-,문화및관광,문화및관광일반,문화관광행정지원,268300000000,,,,-225000000,268075000000,,
문화체육관광부,세출,아시아문화중심도시특별회계,-,문화및관광,문화예술,아시아문화중심도시조성,65908000000,,70326000000,,10150000000,76058000000,80476000000,
문화체육관광부,세출,아시아문화중심도시특별회계,-,문화및관광,문화예술,문화.관광행정지원,4418000000,,,,0,4418000000,,
문화체육관광부,세출,국가균형발전특별회계,지역자율계정,문화및관광,문화예술,콘텐츠산업 육성,7938000000,742797000000,915943000000,,0,7938000000,926326000000,
문화체육관광부,세출,국가균형발전특별회계,지역자율계정,문화및관광,문화예술,창의적문화정책구현,260628000000,,,,-7108000000,253520000000,,
문화체육관광부,세출,국가균형발전특별회계,지역자율계정,문화및관광,문화예술,"예술의 진흥 및 생활화, 산업화",8054000000,,,,0,8054000000,,
문화체육관광부,세출,국가균형발전특별회계,지역자율계정,문화및관광,관광,관광진흥기반확충,234588000000,,,,8928000000,243516000000,,
문화체육관광부,세출,국가균형발전특별회계,지역자율계정,문화및관광,체육,생활체육육성,231589000000,,,,350000000,231939000000,,
문화체육관광부,세출,국가균형발전특별회계,지역지원계정,문화및관광,문화예술,창의적문화정책구현,287000000,140114000000,,,500000000,787000000,,
문화체육관광부,세출,국가균형발전특별회계,지역지원계정,문화및관광,관광,관광진흥기반확충,139827000000,,,,7713000000,147540000000,,
문화체육관광부,세출,국가균형발전특별회계,제주특별자치도계정,문화및관광,문화예술,콘텐츠산업 육성,1600000000,27857000000,,,0,1600000000,,
문화체육관광부,세출,국가균형발전특별회계,제주특별자치도계정,문화및관광,문화예술,창의적문화정책구현,6399000000,,,,0,6399000000,,
문화체육관광부,세출,국가균형발전특별회계,제주특별자치도계정,문화및관광,관광,관광진흥기반확충,19018000000,,,,0,19018000000,,
문화체육관광부,세출,국가균형발전특별회계,제주특별자치도계정,문화및관광,체육,생활체육육성,840000000,,,,0,840000000,,
문화체육관광부,세출,국가균형발전특별회계,세종특별자치시계정,문화및관광,문화예술,창의적문화정책구현,1880000000,5175000000,,,0,1880000000,,
문화체육관광부,세출,국가균형발전특별회계,세종특별자치시계정,문화및관광,문화예술,"예술의 진흥 및 생활화, 산업화",1800000000,,,,0,1800000000,,
문화체육관광부,세출,국가균형발전특별회계,세종특별자치시계정,문화및관광,관광,관광진흥기반확충,145000000,,,,0,145000000,,
문화체육관광부,세출,국가균형발전특별회계,세종특별자치시계정,문화및관광,체육,생활체육육성,1350000000,,,,0,1350000000,,
농림축산식품부,세출,일반회계,-,농림수산,농업.농촌,농업인력육성및창업지원,52430000000,,6434890000000,19077078000000,2131000000,54561000000,6284175000000,19519083000000
농림축산식품부,세출,일반회계,-,농림수산,농업.농촌,농업신산업육성,16811000000,,,,0,16811000000,,
농림축산식품부,세출,일반회계,-,농림수산,농업.농촌,농산물수급안정및유통효율화,7200000000,,,,0,7200000000,,
농림축산식품부,세출,일반회계,-,농림수산,농업.농촌,농업생산기반정비,150000000000,,,,0,150000000000,,
농림축산식품부,세출,일반회계,-,농림수산,농업.농촌,국제협력협상,87256000000,,,,0,87256000000,,
농림축산식품부,세출,일반회계,-,농림수산,농업.농촌,농림축산검역검사,61289000000,,,,0,61289000000,,
농림축산식품부,세출,일반회계,-,농림수산,농업.농촌,종자관리,15466000000,,,,0,15466000000,,
농림축산식품부,세출,일반회계,-,농림수산,농업.농촌,농식품공무원교육원교육운영,3392000000,,,,0,3392000000,,
농림축산식품부,세출,일반회계,-,농림수산,농업.농촌,농림축산식품행정지원,277215000000,,,,-459000000,276756000000,,
농림축산식품부,세출,일반회계,-,농림수산,농업.농촌,회계간거래(전출금),5458651000000,,,,-152387000000,5306264000000,,
농림축산식품부,세출,일반회계,-,농림수산,농업.농촌,회계기금간거래(전출금),305180000000,,,,0,305180000000,,
농림축산식품부,세출,농어촌구조개선특별회계,구조개선사업계정,농림수산,농업.농촌,농가경영안정,844409000000,4957288000000,9112576000000,,105702000000,950111000000,9705396000000,
농림축산식품부,세출,농어촌구조개선특별회계,구조개선사업계정,농림수산,농업.농촌,농업인력육성및창업지원,9480000000,,,,0,9480000000,,
농림축산식품부,세출,농어촌구조개선특별회계,구조개선사업계정,농림수산,농업.농촌,양곡관리,188471000000,,,,-9950000000,178521000000,,
농림축산식품부,세출,농어촌구조개선특별회계,구조개선사업계정,농림수산,농업.농촌,농업신산업육성,264653000000,,,,13897000000,278550000000,,
농림축산식품부,세출,농어촌구조개선특별회계,구조개선사업계정,농림수산,농업.농촌,농산물수급안정및유통효율화,64597000000,,,,-1167000000,63430000000,,
농림축산식품부,세출,농어촌구조개선특별회계,구조개선사업계정,농림수산,농업.농촌,축산업진흥,4109000000,,,,0,4109000000,,
농림축산식품부,세출,농어촌구조개선특별회계,구조개선사업계정,농림수산,농업.농촌,가축방역및축산물안전관리,216772000000,,,,850000000,217622000000,,
농림축산식품부,세출,농어촌구조개선특별회계,구조개선사업계정,농림수산,농업.농촌,농업생산기반정비,1334696000000,,,,92230000000,1426926000000,,
농림축산식품부,세출,농어촌구조개선특별회계,구조개선사업계정,농림수산,농업.농촌,농산물품질관리,62773000000,,,,449000000,63222000000,,
농림축산식품부,세출,농어촌구조개선특별회계,구조개선사업계정,농림수산,농업.농촌,농림축산검역검사,18147000000,,,,0,18147000000,,
농림축산식품부,세출,농어촌구조개선특별회계,구조개선사업계정,농림수산,농업.농촌,종자관리,45205000000,,,,1536000000,46741000000,,
농림축산식품부,세출,농어촌구조개선특별회계,구조개선사업계정,농림수산,농업.농촌,농림축산식품행정지원,43901000000,,,,1200000000,45101000000,,
농림축산식품부,세출,농어촌구조개선특별회계,구조개선사업계정,농림수산,농업.농촌,회계간거래(전출금),1287223000000,,,,69300000000,1356523000000,,
농림축산식품부,세출,농어촌구조개선특별회계,구조개선사업계정,농림수산,농업.농촌,회계기금간거래(전출금),454297000000,,,,2825000000,457122000000,,
농림축산식품부,세출,농어촌구조개선특별회계,구조개선사업계정,농림수산,농업.농촌,회계기금간거래(예수이자상환),31232000000,,,,0,31232000000,,
농림축산식품부,세출,농어촌구조개선특별회계,구조개선사업계정,농림수산,식품업,식품외식산업육성,87323000000,,,,1523000000,88846000000,,
농림축산식품부,세출,농어촌구조개선특별회계,농어촌특별세사업계정,농림수산,농업.농촌,농가경영안정,1183588000000,4155288000000,,,0,1183588000000,,
농림축산식품부,세출,농어촌구조개선특별회계,농어촌특별세사업계정,농림수산,농업.농촌,농업인력육성및창업지원,87455000000,,,,-1155000000,86300000000,,
농림축산식품부,세출,농어촌구조개선특별회계,농어촌특별세사업계정,농림수산,농업.농촌,농업신산업육성,201675000000,,,,0,201675000000,,
농림축산식품부,세출,농어촌구조개선특별회계,농어촌특별세사업계정,농림수산,농업.농촌,농촌복지및지역활성화,461739000000,,,,-2450000000,459289000000,,
농림축산식품부,세출,농어촌구조개선특별회계,농어촌특별세사업계정,농림수산,농업.농촌,농산물품질관리,25213000000,,,,0,25213000000,,
농림축산식품부,세출,농어촌구조개선특별회계,농어촌특별세사업계정,농림수산,농업.농촌,회계기금간거래(전출금),594439000000,,,,-323700000000,270739000000,,
농림축산식품부,세출,농어촌구조개선특별회계,농어촌특별세사업계정,농림수산,농업.농촌,계정간거래(전출금),1574567000000,,,,641730000000,2216297000000,,
농림축산식품부,세출,농어촌구조개선특별회계,농어촌특별세사업계정,농림수산,식품업,식품외식산업육성,26612000000,,,,0,26612000000,,
농림축산식품부,세출,에너지및자원사업특별회계,투자계정,농림수산,농업.농촌,농업신산업육성,30096000000,30096000000,39428000000,,0,30096000000,39428000000,
농림축산식품부,세출,에너지및자원사업특별회계,융자계정,농림수산,농업.농촌,농업신산업육성,9332000000,9332000000,,,0,9332000000,,
농림축산식품부,세출,국가균형발전특별회계,지역자율계정,농림수산,농업.농촌,축산업진흥,9450000000,1360864000000,1415350000000,,0,9450000000,1415250000000,
농림축산식품부,세출,국가균형발전특별회계,지역자율계정,농림수산,농업.농촌,농업생산기반정비,161095000000,,,,-100000000,160995000000,,
농림축산식품부,세출,국가균형발전특별회계,지역자율계정,농림수산,농업.농촌,농촌복지및지역활성화,1169683000000,,,,0,1169683000000,,
농림축산식품부,세출,국가균형발전특별회계,지역자율계정,농림수산,식품업,식품외식산업육성,20636000000,,,,0,20636000000,,
농림축산식품부,세출,국가균형발전특별회계,지역지원계정,농림수산,농업.농촌,농업신산업육성,3858000000,3858000000,,,0,3858000000,,
농림축산식품부,세출,국가균형발전특별회계,제주특별자치도계정,농림수산,농업.농촌,축산업진흥,30000000,42361000000,,,0,30000000,,
농림축산식품부,세출,국가균형발전특별회계,제주특별자치도계정,농림수산,농업.농촌,농업생산기반정비,16840000000,,,,0,16840000000,,
농림축산식품부,세출,국가균형발전특별회계,제주특별자치도계정,농림수산,농업.농촌,농촌복지및지역활성화,23990000000,,,,0,23990000000,,
농림축산식품부,세출,국가균형발전특별회계,제주특별자치도계정,농림수산,식품업,식품외식산업육성,1501000000,,,,0,1501000000,,
농림축산식품부,세출,국가균형발전특별회계,세종특별자치시계정,농림수산,농업.농촌,농업생산기반정비,1000000000,8267000000,,,0,1000000000,,
농림축산식품부,세출,국가균형발전특별회계,세종특별자치시계정,농림수산,농업.농촌,농촌복지및지역활성화,7267000000,,,,0,7267000000,,
농림축산식품부,세출,양곡관리특별회계,손익계정,농림수산,농업.농촌,양곡관리,1974834000000,2074834000000,2074834000000,,0,1974834000000,2074834000000,
농림축산식품부,세출,양곡관리특별회계,손익계정,농림수산,농업.농촌,한은차입금원금상환,100000000000,,,,0,100000000000,,
산업통상자원부,세출,일반회계,-,산업.중소기업및에너지,무역및투자유치,무역진흥,425777000000,,3283525000000,8909500000000,-15996000000,409781000000,3303375000000,8850028000000
산업통상자원부,세출,일반회계,-,산업.중소기업및에너지,무역및투자유치,무역구제,1734000000,,,,0,1734000000,,
산업통상자원부,세출,일반회계,-,산업.중소기업및에너지,무역및투자유치,통상협력지원,61294000000,,,,0,61294000000,,
산업통상자원부,세출,일반회계,-,산업.중소기업및에너지,산업.중소기업일반,산업통상자원부행정지원,156457000000,,,,0,156457000000,,
산업통상자원부,세출,일반회계,-,산업.중소기업및에너지,산업혁신지원,산업경쟁력기반구축,873455000000,,,,12498000000,885953000000,,
산업통상자원부,세출,일반회계,-,산업.중소기업및에너지,산업혁신지원,지역경제활성화,452159000000,,,,7628000000,459787000000,,
산업통상자원부,세출,일반회계,-,산업.중소기업및에너지,산업혁신지원,주력산업진흥,907874000000,,,,5420000000,913294000000,,
산업통상자원부,세출,일반회계,-,산업.중소기업및에너지,산업혁신지원,신산업진흥,256210000000,,,,10476000000,266686000000,,
산업통상자원부,세출,일반회계,-,산업.중소기업및에너지,산업혁신지원,산업기술표준및제품안전관리,81093000000,,,,0,81093000000,,
산업통상자원부,세출,일반회계,-,산업.중소기업및에너지,산업혁신지원,중견기업육성,44472000000,,,,-176000000,44296000000,,
산업통상자원부,세출,일반회계,-,산업.중소기업및에너지,산업혁신지원,회계기금간거래,23000000000,,,,0,23000000000,,
산업통상자원부,세출,에너지및자원사업특별회계,투자계정,산업.중소기업및에너지,에너지및자원개발,에너지자원정책,336088000000,3870812000000,4730709000000,,-300000000,335788000000,4604898000000,
산업통상자원부,세출,에너지및자원사업특별회계,투자계정,산업.중소기업및에너지,에너지및자원개발,재생에너지및에너지신산업활성화,19925000000,,,,2200000000,22125000000,,
산업통상자원부,세출,에너지및자원사업특별회계,투자계정,산업.중소기업및에너지,에너지및자원개발,에너지공급체계구축,369850000000,,,,4750000000,374600000000,,
산업통상자원부,세출,에너지및자원사업특별회계,투자계정,산업.중소기업및에너지,에너지및자원개발,에너지기술개발,218919000000,,,,-1520000000,217399000000,,
산업통상자원부,세출,에너지및자원사업특별회계,투자계정,산업.중소기업및에너지,에너지및자원개발,에너지기술기반확충,47303000000,,,,0,47303000000,,
산업통상자원부,세출,에너지및자원사업특별회계,투자계정,산업.중소기업및에너지,에너지및자원개발,회계기금간거래(전출금),2878727000000,,,,-130941000000,2747786000000,,
산업통상자원부,세출,에너지및자원사업특별회계,융자계정,산업.중소기업및에너지,에너지및자원개발,에너지자원정책,307942000000,859897000000,,,-20000000000,287942000000,,
산업통상자원부,세출,에너지및자원사업특별회계,융자계정,산업.중소기업및에너지,에너지및자원개발,에너지공급체계구축,66303000000,,,,0,66303000000,,
산업통상자원부,세출,에너지및자원사업특별회계,융자계정,산업.중소기업및에너지,에너지및자원개발,계정간거래(전출금),485652000000,,,,20000000000,505652000000,,
산업통상자원부,세출,국가균형발전특별회계,지역자율계정,산업.중소기업및에너지,산업혁신지원,지역경제활성화,122863000000,122863000000,895266000000,,0,122863000000,941755000000,
산업통상자원부,세출,국가균형발전특별회계,지역지원계정,산업.중소기업및에너지,산업혁신지원,지역경제활성화,587502000000,753675000000,,,35446000000,622948000000,,
산업통상자원부,세출,국가균형발전특별회계,지역지원계정,산업.중소기업및에너지,산업혁신지원,외국인투자유치활성화,91664000000,,,,2600000000,94264000000,,
산업통상자원부,세출,국가균형발전특별회계,지역지원계정,산업.중소기업및에너지,산업혁신지원,경제자유구역사업추진,0,,,,4943000000,4943000000,,
산업통상자원부,세출,국가균형발전특별회계,지역지원계정,교통및물류,물류등기타,경제자유구역사업추진,74509000000,,,,3500000000,78009000000,,
산업통상자원부,세출,국가균형발전특별회계,제주특별자치도계정,산업.중소기업및에너지,산업혁신지원,지역경제활성화,637000000,637000000,,,0,637000000,,
산업통상자원부,세출,국가균형발전특별회계,세종특별자치시계정,산업.중소기업및에너지,산업혁신지원,지역경제활성화,18091000000,18091000000,,,0,18091000000,,
보건복지부,세출,일반회계,-,사회복지,기초생활보장,기초생활보장,10900003000000,,44492602000000,45049778000000,0,10900003000000,44865455000000,45427598000000
보건복지부,세출,일반회계,-,사회복지,취약계층지원,장애인생활안정 및 재활 지원,2724292000000,,,,49873000000,2774165000000,,
보건복지부,세출,일반회계,-,사회복지,취약계층지원,노숙인의사상자지원,42998000000,,,,1000000000,43998000000,,
보건복지부,세출,일반회계,-,사회복지,취약계층지원,회계간거래,34691000000,,,,0,34691000000,,
보건복지부,세출,일반회계,-,사회복지,공적연금,국민연금운영,90000000,,,,0,90000000,,
보건복지부,세출,일반회계,-,사회복지,공적연금,회계기금간거래,10177000000,,,,0,10177000000,,
보건복지부,세출,일반회계,-,사회복지,사회복지일반,사회복지기반조성,645515000000,,,,-1904000000,643611000000,,
보건복지부,세출,일반회계,-,사회복지,사회복지일반,일반보건복지행정지원,345715000000,,,,252000000,345967000000,,
보건복지부,세출,일반회계,-,사회복지,아동.보육,아동보호및복지강화,218635000000,,,,200000000,218835000000,,
보건복지부,세출,일반회계,-,사회복지,아동.보육,저출산대응및인구정책지원,1967909000000,,,,232449000000,2200358000000,,
보건복지부,세출,일반회계,-,사회복지,아동.보육,보육지원강화,5647857000000,,,,21857000000,5669714000000,,
보건복지부,세출,일반회계,-,사회복지,노인,노인생활안정,12551112000000,,,,22083000000,12573195000000,,
보건복지부,세출,일반회계,-,사회복지,노인,노인의료보장,1109328000000,,,,39155000000,1148483000000,,
보건복지부,세출,일반회계,-,보건,보건의료,공공보건의료확충,238794000000,,,,1571000000,240365000000,,
보건복지부,세출,일반회계,-,보건,보건의료,보건산업육성,313716000000,,,,2220000000,315936000000,,
보건복지부,세출,일반회계,-,보건,보건의료,한의학연구및정책개발,32499000000,,,,0,32499000000,,
보건복지부,세출,일반회계,-,보건,보건의료,국민건강생활실천,113581000000,,,,0,113581000000,,
보건복지부,세출,일반회계,-,보건,보건의료,보건의료서비스지원,77522000000,,,,410000000,77932000000,,
보건복지부,세출,일반회계,-,보건,보건의료,소록도병원,7251000000,,,,1770000000,9021000000,,
보건복지부,세출,일반회계,-,보건,보건의료,질병관리본부지원,110807000000,,,,0,110807000000,,
보건복지부,세출,일반회계,-,보건,보건의료,회계간거래,98024000000,,,,1917000000,99941000000,,
보건복지부,세출,일반회계,-,보건,보건의료,회계기금간거래,184433000000,,,,0,184433000000,,
보건복지부,세출,일반회계,-,보건,건강보험,건강보험제도 운영,7117653000000,,,,0,7117653000000,,
보건복지부,세출,농어촌구조개선특별회계,농어촌특별세사업계정,보건,보건의료,공공보건의료확충,41313000000,41313000000,41313000000,,2550000000,43863000000,43863000000,
보건복지부,세출,국가균형발전특별회계,지역지원계정,사회복지,사회복지일반,사회복지기반조성,276828000000,318718000000,318718000000,,0,276828000000,319218000000,
보건복지부,세출,국가균형발전특별회계,지역지원계정,보건,보건의료,보건산업육성,41890000000,,,,500000000,42390000000,,
보건복지부,세출,책임운영기관특별회계,국립마산병원손익계정,보건,보건의료,국립마산병원,13110000000,13730000000,197145000000,,0,13110000000,199062000000,
보건복지부,세출,책임운영기관특별회계,국립마산병원손익계정,보건,보건의료,회계기금간거래,618000000,,,,0,618000000,,
보건복지부,세출,책임운영기관특별회계,국립마산병원손익계정,보건,보건의료,계정간거래,2000000,,,,0,2000000,,
보건복지부,세출,책임운영기관특별회계,국립정신건강센터손익계정,보건,보건의료,국립정신건강센터,37758000000,40450000000,,,0,37758000000,,
보건복지부,세출,책임운영기관특별회계,국립정신건강센터손익계정,보건,보건의료,회계기금간거래,2690000000,,,,0,2690000000,,
보건복지부,세출,책임운영기관특별회계,국립정신건강센터손익계정,보건,보건의료,계정간거래,2000000,,,,0,2000000,,
보건복지부,세출,책임운영기관특별회계,국립나주병원손익계정,보건,보건의료,국립나주병원,19020000000,20295000000,,,38000000,19058000000,,
보건복지부,세출,책임운영기관특별회계,국립나주병원손익계정,보건,보건의료,회계기금간거래,1273000000,,,,0,1273000000,,
보건복지부,세출,책임운영기관특별회계,국립나주병원손익계정,보건,보건의료,계정간거래,2000000,,,,0,2000000,,
보건복지부,세출,책임운영기관특별회계,국립재활원손익계정,사회복지,취약계층지원,국립재활원,42257000000,44714000000,,,0,42257000000,,
보건복지부,세출,책임운영기관특별회계,국립재활원손익계정,사회복지,취약계층지원,회계기금간거래,2455000000,,,,0,2455000000,,
보건복지부,세출,책임운영기관특별회계,국립재활원손익계정,사회복지,취약계층지원,계정간거래,2000000,,,,0,2000000,,
보건복지부,세출,책임운영기관특별회계,국립목포병원손익계정,보건,보건의료,국립목포병원,9745000000,10313000000,,,0,9745000000,,
보건복지부,세출,책임운영기관특별회계,국립목포병원손익계정,보건,보건의료,회계기금간거래,566000000,,,,0,566000000,,
보건복지부,세출,책임운영기관특별회계,국립목포병원손익계정,보건,보건의료,계정간거래,2000000,,,,0,2000000,,
보건복지부,세출,책임운영기관특별회계,국립부곡병원손익계정,보건,보건의료,국립부곡병원,17666000000,18830000000,,,152000000,17818000000,,
보건복지부,세출,책임운영기관특별회계,국립부곡병원손익계정,보건,보건의료,회계기금간거래,1162000000,,,,0,1162000000,,
보건복지부,세출,책임운영기관특별회계,국립부곡병원손익계정,보건,보건의료,계정간거래,2000000,,,,0,2000000,,
보건복지부,세출,책임운영기관특별회계,국립춘천병원손익계정,보건,보건의료,국립춘천병원,13144000000,13924000000,,,38000000,13182000000,,
보건복지부,세출,책임운영기관특별회계,국립춘천병원손익계정,보건,보건의료,회계기금간거래,778000000,,,,0,778000000,,
보건복지부,세출,책임운영기관특별회계,국립춘천병원손익계정,보건,보건의료,계정간거래,2000000,,,,0,2000000,,
보건복지부,세출,책임운영기관특별회계,국립공주병원손익계정,보건,보건의료,국립공주병원,13982000000,14842000000,,,76000000,14058000000,,
보건복지부,세출,책임운영기관특별회계,국립공주병원손익계정,보건,보건의료,회계기금간거래,858000000,,,,0,858000000,,
보건복지부,세출,책임운영기관특별회계,국립공주병원손익계정,보건,보건의료,계정간거래,2000000,,,,0,2000000,,
보건복지부,세출,책임운영기관특별회계,국립마산병원자본계정,보건,보건의료,국립마산병원,5985000000,5985000000,,,0,5985000000,,
보건복지부,세출,책임운영기관특별회계,국립정신건강센터자본계정,보건,보건의료,국립정신건강센터,1707000000,1707000000,,,0,1707000000,,
보건복지부,세출,책임운영기관특별회계,국립나주병원자본계정,보건,보건의료,국립나주병원,1533000000,1533000000,,,0,1533000000,,
보건복지부,세출,책임운영기관특별회계,국립재활원자본계정,사회복지,취약계층지원,국립재활원,5160000000,5160000000,,,0,5160000000,,
보건복지부,세출,책임운영기관특별회계,국립목포병원자본계정,보건,보건의료,국립목포병원,1741000000,1741000000,,,1613000000,3354000000,,
보건복지부,세출,책임운영기관특별회계,국립부곡병원자본계정,보건,보건의료,국립부곡병원,1349000000,1349000000,,,0,1349000000,,
보건복지부,세출,책임운영기관특별회계,국립춘천병원자본계정,보건,보건의료,국립춘천병원,1195000000,1195000000,,,0,1195000000,,
보건복지부,세출,책임운영기관특별회계,국립공주병원자본계정,보건,보건의료,국립공주병원,1377000000,1377000000,,,0,1377000000,,
환경부,세출,일반회계,-,환경,환경일반,회계간거래(전출금),3068218000000,,3753651000000,10199683000000,97867000000,3166085000000,3866326000000,10556969000000
환경부,세출,일반회계,-,교통및물류,물류등기타,국토교통연구개발,34028000000,,,,-300000000,33728000000,,
환경부,세출,일반회계,-,교통및물류,물류등기타,국토교통정보화,2200000000,,,,0,2200000000,,
환경부,세출,일반회계,-,교통및물류,물류등기타,건설정책지원,2150000000,,,,0,2150000000,,
환경부,세출,일반회계,-,교통및물류,물류등기타,국토교통행정지원,21976000000,,,,0,21976000000,,
환경부,세출,일반회계,-,국토및지역개발,수자원,용수공급및개발,79334000000,,,,1738000000,81072000000,,
환경부,세출,일반회계,-,국토및지역개발,수자원,수자원정책,33546000000,,,,11170000000,44716000000,,
환경부,세출,일반회계,-,국토및지역개발,수자원,댐건설 및 댐치수능력 증대,114292000000,,,,2200000000,116492000000,,
환경부,세출,일반회계,-,국토및지역개발,수자원,하천관리 및 홍수예보,397907000000,,,,0,397907000000,,
환경부,세출,농어촌구조개선특별회계,농어촌특별세사업계정,환경,물환경,물오염원 관리,60770000000,66106000000,66106000000,,1700000000,62470000000,67806000000,
환경부,세출,농어촌구조개선특별회계,농어촌특별세사업계정,환경,자원순환및환경경제,자원순환사회 형성 촉진,5336000000,,,,0,5336000000,,
환경부,세출,에너지및자원사업특별회계,투자계정,환경,기후대기및환경안전,대기환경 보전,566422000000,623641000000,623641000000,,144050000000,710472000000,767691000000,
환경부,세출,에너지및자원사업특별회계,투자계정,환경,기후대기및환경안전,기후변화대응,57219000000,,,,0,57219000000,,
환경부,세출,환경개선특별회계,-,환경,환경일반,환경연구 및 교육,86097000000,,4689198000000,,-684000000,85413000000,4787065000000,
환경부,세출,환경개선특별회계,-,환경,환경일반,환경행정 지원,369641000000,,,,-295000000,369346000000,,
환경부,세출,환경개선특별회계,-,환경,환경일반,회계간거래(전출금),413919000000,,,,994000000,414913000000,,
환경부,세출,환경개선특별회계,-,환경,환경일반,회계기금간거래(예수원금상환),30000000000,,,,0,30000000000,,
환경부,세출,환경개선특별회계,-,환경,환경일반,회계기금간거래(예수이자상환),1684000000,,,,0,1684000000,,
환경부,세출,환경개선특별회계,-,환경,환경일반,회계기금간거래(전출금),18789000000,,,,0,18789000000,,
환경부,세출,환경개선특별회계,-,환경,물환경,물오염원 관리,1836299000000,,,,62722000000,1899021000000,,
환경부,세출,환경개선특별회계,-,환경,물환경,수생태계 관리,81152000000,,,,-2300000000,78852000000,,
환경부,세출,환경개선특별회계,-,환경,물환경,맑은물 공급.이용,72159000000,,,,14520000000,86679000000,,
환경부,세출,환경개선특별회계,-,환경,자원순환및환경경제,자원순환사회 형성 촉진,340834000000,,,,6415000000,347249000000,,
환경부,세출,환경개선특별회계,-,환경,자원순환및환경경제,친환경경제사회 활성화,310488000000,,,,920000000,311408000000,,
환경부,세출,환경개선특별회계,-,환경,기후대기및환경안전,대기환경 보전,344523000000,,,,-125000000,344398000000,,
환경부,세출,환경개선특별회계,-,환경,기후대기및환경안전,기후변화대응,21983000000,,,,0,21983000000,,
환경부,세출,환경개선특별회계,-,환경,기후대기및환경안전,환경보건관리,219023000000,,,,12130000000,231153000000,,
환경부,세출,환경개선특별회계,-,환경,자연환경,자연생태 보전,542607000000,,,,3570000000,546177000000,,
환경부,세출,국가균형발전특별회계,지역자율계정,환경,물환경,수생태계 관리,104688000000,946128000000,1067087000000,,-13760000000,90928000000,1068081000000,
환경부,세출,국가균형발전특별회계,지역자율계정,환경,물환경,맑은물 공급.이용,754283000000,,,,14754000000,769037000000,,
환경부,세출,국가균형발전특별회계,지역자율계정,환경,자연환경,자연생태 보전,47416000000,,,,0,47416000000,,
환경부,세출,국가균형발전특별회계,지역자율계정,국토및지역개발,산업단지,산업단지개발지원,39741000000,,,,0,39741000000,,
환경부,세출,국가균형발전특별회계,지역지원계정,환경,물환경,맑은물 공급.이용,12925000000,51018000000,,,0,12925000000,,
환경부,세출,국가균형발전특별회계,지역지원계정,환경,자원순환및환경경제,친환경경제사회 활성화,4896000000,,,,0,4896000000,,
환경부,세출,국가균형발전특별회계,지역지원계정,환경,자연환경,자연생태 보전,33197000000,,,,0,33197000000,,
환경부,세출,국가균형발전특별회계,제주특별자치도계정,환경,환경일반,환경행정 지원,179000000,37262000000,,,0,179000000,,
환경부,세출,국가균형발전특별회계,제주특별자치도계정,환경,물환경,물오염원 관리,1695000000,,,,0,1695000000,,
환경부,세출,국가균형발전특별회계,제주특별자치도계정,환경,물환경,맑은물 공급.이용,22394000000,,,,0,22394000000,,
환경부,세출,국가균형발전특별회계,제주특별자치도계정,환경,자원순환및환경경제,자원순환사회 형성 촉진,1874000000,,,,0,1874000000,,
환경부,세출,국가균형발전특별회계,제주특별자치도계정,환경,자연환경,자연생태 보전,11120000000,,,,0,11120000000,,
환경부,세출,국가균형발전특별회계,세종특별자치시계정,환경,물환경,물오염원 관리,20129000000,32679000000,,,0,20129000000,,
환경부,세출,국가균형발전특별회계,세종특별자치시계정,환경,물환경,수생태계 관리,1000000000,,,,0,1000000000,,
환경부,세출,국가균형발전특별회계,세종특별자치시계정,환경,물환경,맑은물 공급.이용,11550000000,,,,0,11550000000,,
고용노동부,세출,일반회계,-,사회복지,고용,고용창출및훈련,2047875000000,,7097228000000,7271713000000,-116081000000,1931794000000,6965760000000,7140245000000
고용노동부,세출,일반회계,-,사회복지,고용,고용안전망확충,4196625000000,,,,-14299000000,4182326000000,,
고용노동부,세출,일반회계,-,사회복지,고용,고용평등증진,84454000000,,,,0,84454000000,,
고용노동부,세출,일반회계,-,사회복지,고용,회계기금간거래(전출금),140200000000,,,,0,140200000000,,
고용노동부,세출,일반회계,-,사회복지,노동,노사정책,20699000000,,,,3200000000,23899000000,,
고용노동부,세출,일반회계,-,사회복지,노동,근로조건보호및복지증진,45455000000,,,,-666000000,44789000000,,
고용노동부,세출,일반회계,-,사회복지,노동,회계기금간거래(전출금),15582000000,,,,0,15582000000,,
고용노동부,세출,일반회계,-,사회복지,고용노동일반,고용노동행정지원,540115000000,,,,-3657000000,536458000000,,
고용노동부,세출,일반회계,-,사회복지,고용노동일반,소속책임운영기관운영,6223000000,,,,35000000,6258000000,,
고용노동부,세출,에너지및자원사업특별회계,투자계정,사회복지,노동,산업재해예방,76865000000,76865000000,76865000000,,0,76865000000,76865000000,
고용노동부,세출,국가균형발전특별회계,지역지원계정,사회복지,고용,고용창출및훈련,90291000000,90291000000,97620000000,,0,90291000000,97620000000,
고용노동부,세출,국가균형발전특별회계,제주특별자치도계정,사회복지,고용,고용노동행정지원,7329000000,7329000000,,,0,7329000000,,
여성가족부,세출,일반회계,-,사회복지,여성.가족.청소년,여성가족청소년정책일반,12682000000,,462196000000,540376000000,-200000000,12482000000,462722000000,565902000000
여성가족부,세출,일반회계,-,사회복지,여성.가족.청소년,성평등정책기반강화및여성경제활동지원,71640000000,,,,376000000,72016000000,,
여성가족부,세출,일반회계,-,사회복지,여성.가족.청소년,여성.아동인권보호및가족지원,266139000000,,,,0,266139000000,,
여성가족부,세출,일반회계,-,사회복지,여성.가족.청소년,청소년정책및역량강화,86303000000,,,,350000000,86653000000,,
여성가족부,세출,일반회계,-,사회복지,여성.가족.청소년,여성가족부행정지원,25432000000,,,,0,25432000000,,
여성가족부,세출,국가균형발전특별회계,지역자율계정,사회복지,여성.가족.청소년,청소년정책및역량강화,70264000000,70264000000,78180000000,,0,70264000000,103180000000,
여성가족부,세출,국가균형발전특별회계,지역지원계정,사회복지,여성.가족.청소년,여성․아동인권보호및가족지원,0,,,,25000000000,25000000000,,
여성가족부,세출,국가균형발전특별회계,제주특별자치도계정,사회복지,여성.가족.청소년,청소년정책및역량강화,3064000000,3064000000,,,0,3064000000,,
여성가족부,세출,국가균형발전특별회계,세종특별자치시계정,사회복지,여성.가족.청소년,청소년정책및역량강화,4852000000,4852000000,,,0,4852000000,,
국토교통부,세출,일반회계,-,사회복지,기초생활보장,기초주거생활보장,1672930000000,,20362249000000,38836832000000,0,1672930000000,19482195000000,37177321000000
국토교통부,세출,일반회계,-,사회복지,주택,주택시장안정및주거복지향상,130779000000,,,,7000000000,137779000000,,
국토교통부,세출,일반회계,-,사회복지,주택,내부거래지출,1720482000000,,,,-80780000000,1639702000000,,
국토교통부,세출,일반회계,-,교통및물류,도로,회계간거래(전출금),10197539000000,,,,-1381620000000,8815919000000,,
국토교통부,세출,일반회계,-,교통및물류,철도,철도안전및운영,1386238000000,,,,24700000000,1410938000000,,
국토교통부,세출,일반회계,-,교통및물류,철도,회계간거래(전출금),3321369000000,,,,540361000000,3861730000000,,
국토교통부,세출,일반회계,-,교통및물류,철도,회계기금간거래(예수원금상환),13334000000,,,,0,13334000000,,
국토교통부,세출,일반회계,-,교통및물류,철도,회계기금간거래(예수이자상환),359000000,,,,0,359000000,,
국토교통부,세출,일반회계,-,교통및물류,항공.공항,항공발전지원,9274000000,,,,0,9274000000,,
국토교통부,세출,일반회계,-,교통및물류,항공.공항,항공운영지원,9844000000,,,,0,9844000000,,
국토교통부,세출,일반회계,-,교통및물류,물류등기타,물류정책,6377000000,,,,0,6377000000,,
국토교통부,세출,일반회계,-,교통및물류,물류등기타,국토교통연구개발,325637000000,,,,980000000,326617000000,,
국토교통부,세출,일반회계,-,교통및물류,물류등기타,국토교통정보화,71823000000,,,,1885000000,73708000000,,
국토교통부,세출,일반회계,-,교통및물류,물류등기타,건설정책 및 기술지원,84157000000,,,,200000000,84357000000,,
국토교통부,세출,일반회계,-,교통및물류,물류등기타,국토교통인재개발,1249000000,,,,0,1249000000,,
국토교통부,세출,일반회계,-,교통및물류,물류등기타,자동차및교통정책,113571000000,,,,-2950000000,110621000000,,
국토교통부,세출,일반회계,-,교통및물류,물류등기타,국토교통행정지원,315538000000,,,,-480000000,315058000000,,
국토교통부,세출,일반회계,-,교통및물류,물류등기타,항공교통본부(책임운영),18263000000,,,,0,18263000000,,
국토교통부,세출,일반회계,-,국토및지역개발,수자원,하천관리,518773000000,,,,2500000000,521273000000,,
국토교통부,세출,일반회계,-,국토및지역개발,지역및도시,지역개발,52529000000,,,,0,52529000000,,
국토교통부,세출,일반회계,-,국토및지역개발,지역및도시,도시정책,72163000000,,,,150000000,72313000000,,
국토교통부,세출,일반회계,-,국토및지역개발,지역및도시,국토정보관리,116922000000,,,,0,116922000000,,
국토교통부,세출,일반회계,-,국토및지역개발,지역및도시,국토지리정보원운영,99514000000,,,,0,99514000000,,
국토교통부,세출,일반회계,-,국토및지역개발,지역및도시,회계간거래(전출금),32476000000,,,,4500000000,36976000000,,
국토교통부,세출,일반회계,-,국토및지역개발,산업단지,산업단지개발및지원,71109000000,,,,3500000000,74609000000,,
국토교통부,세출,교통시설특별회계,도로계정,교통및물류,도로,고속도로건설,1152350000000,10916857000000,15296979000000,,275700000000,1428050000000,14410610000000,
국토교통부,세출,교통시설특별회계,도로계정,교통및물류,도로,국도건설,1609695000000,,,,121500000000,1731195000000,,
국토교통부,세출,교통시설특별회계,도로계정,교통및물류,도로,도로관리,1719154000000,,,,3300000000,1722454000000,,
국토교통부,세출,교통시설특별회계,도로계정,교통및물류,도로,민자도로건설및관리,549291000000,,,,0,549291000000,,
국토교통부,세출,교통시설특별회계,도로계정,교통및물류,도로,회계간거래(전출금),283171000000,,,,9400000000,292571000000,,
국토교통부,세출,교통시설특별회계,도로계정,교통및물류,도로,공자기금 예탁(도로 계정),5579248000000,,,,-1832719000000,3746529000000,,
국토교통부,세출,교통시설특별회계,도로계정,교통및물류,물류등기타,국토교통연구개발,13948000000,,,,0,13948000000,,
국토교통부,세출,교통시설특별회계,도로계정,국토및지역개발,지역및도시,지역개발,10000000000,,,,0,10000000000,,
국토교통부,세출,교통시설특별회계,철도계정,교통및물류,철도,고속철도건설,33000000000,3482716000000,,,7000000000,40000000000,,
국토교통부,세출,교통시설특별회계,철도계정,교통및물류,철도,일반철도건설,2162200000000,,,,459000000000,2621200000000,,
국토교통부,세출,교통시설특별회계,철도계정,교통및물류,철도,철도안전및운영,742967000000,,,,0,742967000000,,
국토교통부,세출,교통시설특별회계,철도계정,교통및물류,철도,회계간거래(전출금),465000000000,,,,20200000000,485200000000,,
국토교통부,세출,교통시설특별회계,철도계정,교통및물류,물류등기타,국토교통연구개발,79549000000,,,,0,79549000000,,
국토교통부,세출,교통시설특별회계,교통체계관리계정,교통및물류,철도,도시철도건설,162496000000,225163000000,,,44400000000,206896000000,,
국토교통부,세출,교통시설특별회계,교통체계관리계정,교통및물류,철도,도시철도경영개선지원,9068000000,,,,0,9068000000,,
국토교통부,세출,교통시설특별회계,교통체계관리계정,교통및물류,물류등기타,국토교통정보화,168000000,,,,0,168000000,,
국토교통부,세출,교통시설특별회계,교통체계관리계정,교통및물류,물류등기타,대중교통육성,53431000000,,,,5850000000,59281000000,,
국토교통부,세출,교통시설특별회계,공항계정,교통및물류,항공.공항,일반공항건설및관리,17834000000,672243000000,,,4500000000,22334000000,,
국토교통부,세출,교통시설특별회계,공항계정,교통및물류,항공.공항,항공발전지원,106325000000,,,,8338000000,114663000000,,
국토교통부,세출,교통시설특별회계,공항계정,교통및물류,항공.공항,계정간거래(전출금),496301000000,,,,-13038000000,483263000000,,
국토교통부,세출,교통시설특별회계,공항계정,교통및물류,물류등기타,국토교통연구개발,51783000000,,,,0,51783000000,,
국토교통부,세출,교통시설특별회계,공항계정,교통및물류,물류등기타,항공발전지원,0,,,,200000000,200000000,,
국토교통부,세출,에너지및자원사업특별회계,투자계정,교통및물류,물류등기타,물류정책,5230000000,17480000000,17480000000,,0,5230000000,17480000000,
국토교통부,세출,에너지및자원사업특별회계,투자계정,교통및물류,물류등기타,국토교통정보화,3025000000,,,,0,3025000000,,
국토교통부,세출,에너지및자원사업특별회계,투자계정,교통및물류,물류등기타,기후변화대응,947000000,,,,0,947000000,,
국토교통부,세출,에너지및자원사업특별회계,투자계정,국토및지역개발,지역및도시,도시정책,8278000000,,,,0,8278000000,,
국토교통부,세출,혁신도시건설특별회계,-,국토및지역개발,지역및도시,지역개발,32476000000,,260220000000,,4500000000,36976000000,264632000000,
국토교통부,세출,혁신도시건설특별회계,-,국토및지역개발,지역및도시,회계기금간거래(예수원금상환),200000000000,,,,0,200000000000,,
국토교통부,세출,혁신도시건설특별회계,-,국토및지역개발,지역및도시,회계기금간거래(예수이자상환),27744000000,,,,-88000000,27656000000,,
국토교통부,세출,국가균형발전특별회계,지역자율계정,교통및물류,물류등기타,광역교통정책,173629000000,1102407000000,2899904000000,,9730000000,183359000000,3002404000000,
국토교통부,세출,국가균형발전특별회계,지역자율계정,국토및지역개발,수자원,하천관리,554180000000,,,,0,554180000000,,
국토교통부,세출,국가균형발전특별회계,지역자율계정,국토및지역개발,지역및도시,지역개발,211779000000,,,,0,211779000000,,
국토교통부,세출,국가균형발전특별회계,지역자율계정,국토및지역개발,지역및도시,도시정책,160277000000,,,,0,160277000000,,
국토교통부,세출,국가균형발전특별회계,지역자율계정,국토및지역개발,산업단지,산업단지개발및지원,2542000000,,,,0,2542000000,,
국토교통부,세출,국가균형발전특별회계,지역지원계정,교통및물류,도로,지자체도로건설지원,272114000000,1710540000000,,,44200000000,316314000000,,
국토교통부,세출,국가균형발전특별회계,지역지원계정,교통및물류,철도,광역철도건설,465000000000,,,,20200000000,485200000000,,
국토교통부,세출,국가균형발전특별회계,지역지원계정,교통및물류,물류등기타,국토교통연구개발,6345000000,,,,0,6345000000,,
국토교통부,세출,국가균형발전특별회계,지역지원계정,교통및물류,물류등기타,광역교통정책,83741000000,,,,10500000000,94241000000,,
국토교통부,세출,국가균형발전특별회계,지역지원계정,국토및지역개발,지역및도시,지역개발,170369000000,,,,10508000000,180877000000,,
국토교통부,세출,국가균형발전특별회계,지역지원계정,국토및지역개발,지역및도시,도시정책,478754000000,,,,0,478754000000,,
국토교통부,세출,국가균형발전특별회계,지역지원계정,국토및지역개발,지역및도시,국토정보관리,10546000000,,,,3662000000,14208000000,,
국토교통부,세출,국가균형발전특별회계,지역지원계정,국토및지역개발,산업단지,산업단지개발및지원,223671000000,,,,3700000000,227371000000,,
국토교통부,세출,국가균형발전특별회계,제주특별자치도계정,교통및물류,도로,국도건설,7471000000,67643000000,,,0,7471000000,,
국토교통부,세출,국가균형발전특별회계,제주특별자치도계정,교통및물류,도로,도로관리,29427000000,,,,0,29427000000,,
국토교통부,세출,국가균형발전특별회계,제주특별자치도계정,교통및물류,물류등기타,광역교통정책,3450000000,,,,0,3450000000,,
국토교통부,세출,국가균형발전특별회계,제주특별자치도계정,교통및물류,물류등기타,국토교통행정지원,3795000000,,,,0,3795000000,,
국토교통부,세출,국가균형발전특별회계,제주특별자치도계정,국토및지역개발,수자원,하천관리,9700000000,,,,0,9700000000,,
국토교통부,세출,국가균형발전특별회계,제주특별자치도계정,국토및지역개발,지역및도시,지역개발,5600000000,,,,0,5600000000,,
국토교통부,세출,국가균형발전특별회계,제주특별자치도계정,국토및지역개발,지역및도시,도시정책,8200000000,,,,0,8200000000,,
국토교통부,세출,국가균형발전특별회계,세종특별자치시계정,교통및물류,물류등기타,광역교통정책,1350000000,19314000000,,,0,1350000000,,
국토교통부,세출,국가균형발전특별회계,세종특별자치시계정,국토및지역개발,수자원,하천관리,5800000000,,,,0,5800000000,,
국토교통부,세출,국가균형발전특별회계,세종특별자치시계정,국토및지역개발,지역및도시,지역개발,2202000000,,,,0,2202000000,,
국토교통부,세출,국가균형발전특별회계,세종특별자치시계정,국토및지역개발,지역및도시,도시정책,7350000000,,,,0,7350000000,,
국토교통부,세출,국가균형발전특별회계,세종특별자치시계정,국토및지역개발,산업단지,산업단지개발및지원,2612000000,,,,0,2612000000,,
해양수산부,세출,일반회계,-,환경,해양환경,해양환경보전,175586000000,,2784783000000,5836056000000,1513000000,177099000000,2847146000000,5955171000000
해양수산부,세출,일반회계,-,농림수산,수산.어촌,수산물 유통 및 안전관리,1067000000,,,,0,1067000000,,
해양수산부,세출,일반회계,-,농림수산,수산.어촌,수산자원관리및조성,99046000000,,,,2000000000,101046000000,,
해양수산부,세출,일반회계,-,농림수산,수산.어촌,어업인소득안정지원,17415000000,,,,570000000,17985000000,,
해양수산부,세출,일반회계,-,농림수산,수산.어촌,원양협력,2137000000,,,,0,2137000000,,
해양수산부,세출,일반회계,-,농림수산,수산.어촌,수산연구(국립수산과학원),126563000000,,,,0,126563000000,,
해양수산부,세출,일반회계,-,농림수산,수산.어촌,해양수산연수,3920000000,,,,0,3920000000,,
해양수산부,세출,일반회계,-,농림수산,수산.어촌,수산행정,98949000000,,,,-1329000000,97620000000,,
해양수산부,세출,일반회계,-,교통및물류,해운.항만,항만개발 및 관리,16839000000,,,,0,16839000000,,
해양수산부,세출,일반회계,-,교통및물류,해운.항만,해운산업 선진화,226861000000,,,,4500000000,231361000000,,
해양수산부,세출,일반회계,-,교통및물류,해운.항만,해양 및 해상교통관리,47465000000,,,,1600000000,49065000000,,
해양수산부,세출,일반회계,-,교통및물류,해운.항만,회계간거래(전출금),1099805000000,,,,40139000000,1139944000000,,
해양수산부,세출,일반회계,-,교통및물류,물류등기타,해양산업육성및영토관리,363012000000,,,,13370000000,376382000000,,
해양수산부,세출,일반회계,-,교통및물류,물류등기타,해양수산연구개발,55433000000,,,,0,55433000000,,
해양수산부,세출,일반회계,-,교통및물류,물류등기타,해양수산정보화,24943000000,,,,0,24943000000,,
해양수산부,세출,일반회계,-,교통및물류,물류등기타,해양수산행정지원,221049000000,,,,0,221049000000,,
해양수산부,세출,일반회계,-,교통및물류,물류등기타,책임운영기관운영(국립해양측위정보원),4416000000,,,,0,4416000000,,
해양수산부,세출,일반회계,-,과학기술,과학기술연구지원,출연연구 기관지원,200277000000,,,,0,200277000000,,
해양수산부,세출,농어촌구조개선특별회계,구조개선사업계정,농림수산,수산.어촌,수산식품고부가가치화,35318000000,729294000000,1257460000000,,3600000000,38918000000,1269033000000,
해양수산부,세출,농어촌구조개선특별회계,구조개선사업계정,농림수산,수산.어촌,수산물 유통 및 안전관리,52634000000,,,,285000000,52919000000,,
해양수산부,세출,농어촌구조개선특별회계,구조개선사업계정,농림수산,수산.어촌,수산자원관리및조성,197048000000,,,,4350000000,201398000000,,
해양수산부,세출,농어촌구조개선특별회계,구조개선사업계정,농림수산,수산.어촌,어촌어항활성화,12095000000,,,,0,12095000000,,
해양수산부,세출,농어촌구조개선특별회계,구조개선사업계정,농림수산,수산.어촌,어업인소득안정지원,271980000000,,,,0,271980000000,,
해양수산부,세출,농어촌구조개선특별회계,구조개선사업계정,농림수산,수산.어촌,원양협력,20008000000,,,,0,20008000000,,
해양수산부,세출,농어촌구조개선특별회계,구조개선사업계정,농림수산,수산.어촌,회계간거래(전출금),140211000000,,,,468000000,140679000000,,
해양수산부,세출,농어촌구조개선특별회계,농어촌특별세사업계정,농림수산,수산.어촌,수산자원 관리 및 조성,31226000000,528166000000,,,9000000000,40226000000,,
해양수산부,세출,농어촌구조개선특별회계,농어촌특별세사업계정,농림수산,수산.어촌,어촌어항활성화,456870000000,,,,-6468000000,450402000000,,
해양수산부,세출,농어촌구조개선특별회계,농어촌특별세사업계정,농림수산,수산.어촌,어업인소득안정지원,40070000000,,,,338000000,40408000000,,
해양수산부,세출,교통시설특별회계,항만계정,교통및물류,해운.항만,항만개발 및 관리,1227026000000,1339099000000,1339099000000,,40139000000,1267165000000,1379238000000,
해양수산부,세출,교통시설특별회계,항만계정,교통및물류,해운.항만,해양 및 해상교통관리,57253000000,,,,0,57253000000,,
해양수산부,세출,교통시설특별회계,항만계정,교통및물류,물류등기타,해양수산연구개발,54820000000,,,,0,54820000000,,
해양수산부,세출,에너지및자원사업특별회계,투자계정,농림수산,수산.어촌,수산자원 관리 및 조성,26138000000,62644000000,62644000000,,0,26138000000,62644000000,
해양수산부,세출,에너지및자원사업특별회계,투자계정,교통및물류,해운.항만,해운사업 선진화,36506000000,,,,0,36506000000,,
해양수산부,세출,국가균형발전특별회계,지역자율계정,환경,해양환경,해양환경보전,64871000000,235066000000,392070000000,,0,64871000000,397110000000,
해양수산부,세출,국가균형발전특별회계,지역자율계정,농림수산,수산.어촌,수산식품고부가가치화,18083000000,,,,-668000000,17415000000,,
해양수산부,세출,국가균형발전특별회계,지역자율계정,농림수산,수산.어촌,수산물 유통 및 안전관리,1210000000,,,,0,1210000000,,
해양수산부,세출,국가균형발전특별회계,지역자율계정,농림수산,수산.어촌,어촌어항활성화,150902000000,,,,468000000,151370000000,,
해양수산부,세출,국가균형발전특별회계,지역지원계정,농림수산,수산.어촌,수산식품고부가가치화,9870000000,41539000000,,,2240000000,12110000000,,
해양수산부,세출,국가균형발전특별회계,지역지원계정,농림수산,수산.어촌,수산물 유통 및 안전관리,5066000000,,,,0,5066000000,,
해양수산부,세출,국가균형발전특별회계,지역지원계정,농림수산,수산.어촌,수산자원 관리 및 조성,22871000000,,,,3000000000,25871000000,,
해양수산부,세출,국가균형발전특별회계,지역지원계정,교통및물류,물류등기타,해양수산행정지원,3732000000,,,,0,3732000000,,
해양수산부,세출,국가균형발전특별회계,제주특별자치도계정,환경,해양환경,해양환경보전,4226000000,115465000000,,,0,4226000000,,
해양수산부,세출,국가균형발전특별회계,제주특별자치도계정,농림수산,수산.어촌,수산식품고부가가치화,150000000,,,,0,150000000,,
해양수산부,세출,국가균형발전특별회계,제주특별자치도계정,농림수산,수산.어촌,수산물 유통 및 안전관리,233000000,,,,0,233000000,,
해양수산부,세출,국가균형발전특별회계,제주특별자치도계정,농림수산,수산.어촌,어촌어항활성화,49337000000,,,,0,49337000000,,
해양수산부,세출,국가균형발전특별회계,제주특별자치도계정,농림수산,수산.어촌,어업인소득안정지원,11000000,,,,0,11000000,,
해양수산부,세출,국가균형발전특별회계,제주특별자치도계정,교통및물류,해운.항만,항만개발 및 관리,58977000000,,,,0,58977000000,,
해양수산부,세출,국가균형발전특별회계,제주특별자치도계정,교통및물류,물류등기타,해양수산행정지원,2531000000,,,,0,2531000000,,
중소벤처기업부,세출,일반회계,-,산업.중소기업및에너지,무역및투자유치,중소기업수출촉진지원,177926000000,,4068099000000,4501013000000,0,177926000000,4182643000000,4625217000000
중소벤처기업부,세출,일반회계,-,산업.중소기업및에너지,산업.중소기업일반,중소기업행정지원,134888000000,,,,0,134888000000,,
중소벤처기업부,세출,일반회계,-,산업.중소기업및에너지,산업.중소기업일반,회계기금간거래(전출금),1564906000000,,,,-28647000000,1536259000000,,
중소벤처기업부,세출,일반회계,-,산업.중소기업및에너지,창업및벤처,창업환경조성,520628000000,,,,1665000000,522293000000,,
중소벤처기업부,세출,일반회계,-,산업.중소기업및에너지,창업및벤처,벤처기업활성화지원,4001000000,,,,-138000000,3863000000,,
중소벤처기업부,세출,일반회계,-,산업.중소기업및에너지,중소기업및소상공인육성,중소기업성장안정지원,80000000000,,,,74000000000,154000000000,,
중소벤처기업부,세출,일반회계,-,산업.중소기업및에너지,중소기업및소상공인육성,중소기업기술개발지원,1148766000000,,,,81583000000,1230349000000,,
중소벤처기업부,세출,일반회계,-,산업.중소기업및에너지,중소기업및소상공인육성,지역중소기업육성,5946000000,,,,3752000000,9698000000,,
중소벤처기업부,세출,일반회계,-,산업.중소기업및에너지,중소기업및소상공인육성,동반성장지원,27089000000,,,,523000000,27612000000,,
중소벤처기업부,세출,일반회계,-,산업.중소기업및에너지,중소기업및소상공인육성,중소기업육성지원,68225000000,,,,-620000000,67605000000,,
중소벤처기업부,세출,일반회계,-,산업.중소기업및에너지,중소기업및소상공인육성,중소기업인력지원,335724000000,,,,-17574000000,318150000000,,
중소벤처기업부,세출,국가균형발전특별회계,지역자율계정,산업.중소기업및에너지,중소기업및소상공인육성,소상공인.전통시장지원,121737000000,121737000000,432914000000,,160000000,121897000000,442574000000,
중소벤처기업부,세출,국가균형발전특별회계,지역지원계정,산업.중소기업및에너지,창업및벤처,창업환경조성,51331000000,299972000000,,,9000000000,60331000000,,
중소벤처기업부,세출,국가균형발전특별회계,지역지원계정,산업.중소기업및에너지,중소기업및소상공인육성,중소기업기술개발지원,55453000000,,,,0,55453000000,,
중소벤처기업부,세출,국가균형발전특별회계,지역지원계정,산업.중소기업및에너지,중소기업및소상공인육성,지역중소기업육성,193188000000,,,,0,193188000000,,
중소벤처기업부,세출,국가균형발전특별회계,제주특별자치도계정,산업.중소기업및에너지,산업.중소기업일반,중소기업행정지원,1401000000,7119000000,,,0,1401000000,,
중소벤처기업부,세출,국가균형발전특별회계,제주특별자치도계정,산업.중소기업및에너지,창업및벤처,창업환경조성,228000000,,,,0,228000000,,
중소벤처기업부,세출,국가균형발전특별회계,제주특별자치도계정,산업.중소기업및에너지,중소기업및소상공인육성,소상공인.전통시장지원,5490000000,,,,0,5490000000,,
중소벤처기업부,세출,국가균형발전특별회계,세종특별자치시계정,산업.중소기업및에너지,창업및벤처,창업환경조성,114000000,4086000000,,,0,114000000,,
중소벤처기업부,세출,국가균형발전특별회계,세종특별자치시계정,산업.중소기업및에너지,중소기업및소상공인육성,지역중소기업육성,3972000000,,,,500000000,4472000000,,
국가보훈처,세출,일반회계,-,사회복지,보훈,보훈심사및보상,4226252000000,,5325203000000,5348052000000,0,4226252000000,5346322000000,5369171000000
국가보훈처,세출,일반회계,-,사회복지,보훈,보훈단체지원,31082000000,,,,1750000000,32832000000,,
국가보훈처,세출,일반회계,-,사회복지,보훈,보훈의료복지,698136000000,,,,0,698136000000,,
국가보훈처,세출,일반회계,-,사회복지,보훈,생활안정지원,29857000000,,,,0,29857000000,,
국가보훈처,세출,일반회계,-,사회복지,보훈,보훈선양,67921000000,,,,1657000000,69578000000,,
국가보훈처,세출,일반회계,-,사회복지,보훈,보훈예우 및 국립묘지,72901000000,,,,1957000000,74858000000,,
국가보훈처,세출,일반회계,-,사회복지,보훈,제대군인지원,23361000000,,,,99000000,23460000000,,
국가보훈처,세출,일반회계,-,사회복지,보훈,보훈행정,115146000000,,,,0,115146000000,,
국가보훈처,세출,일반회계,-,사회복지,보훈,회계기금간거래,60547000000,,,,15656000000,76203000000,,
국가보훈처,세출,에너지및자원사업특별회계,투자계정,사회복지,보훈,보훈의료복지,20831000000,20831000000,20831000000,,0,20831000000,20831000000,
국가보훈처,세출,국가균형발전특별회계,제주특별자치도계정,사회복지,보훈,보훈행정,2018000000,2018000000,2018000000,,0,2018000000,2018000000,
인사혁신처,세출,일반회계,-,일반.지방행정,정부자원관리,인사관리,97767000000,,2968002000000,2968002000000,-100000000,97667000000,2967912000000,2967912000000
인사혁신처,세출,일반회계,-,일반.지방행정,정부자원관리,국가인재원교육운영,15124000000,,,,10000000,15134000000,,
인사혁신처,세출,일반회계,-,일반.지방행정,일반행정,인사혁신행정지원,80458000000,,,,0,80458000000,,
인사혁신처,세출,일반회계,-,사회복지,공적연금,회계기금간거래(공무원연금부담금),2774653000000,,,,0,2774653000000,,
법제처,세출,일반회계,-,일반.지방행정,일반행정,정부입법 총괄 지원,36608000000,,36608000000,36608000000,-429000000,36179000000,36179000000,36179000000
식품의약품안전처,세출,일반회계,-,보건,식품의약안전,식품안전성제고,42202000000,,496358000000,503252000000,1212000000,43414000000,504133000000,511027000000
식품의약품안전처,세출,일반회계,-,보건,식품의약안전,위해관리 선진화,21359000000,,,,0,21359000000,,
식품의약품안전처,세출,일반회계,-,보건,식품의약안전,식생활영양 안전성 제고,61310000000,,,,4833000000,66143000000,,
식품의약품안전처,세출,일반회계,-,보건,식품의약안전,식품기준규격관리 선진화,6830000000,,,,0,6830000000,,
식품의약품안전처,세출,일반회계,-,보건,식품의약안전,수입식품 안전성 제고,7059000000,,,,0,7059000000,,
식품의약품안전처,세출,일반회계,-,보건,식품의약안전,의약품안전성제고,25563000000,,,,1249000000,26812000000,,
식품의약품안전처,세출,일반회계,-,보건,식품의약안전,바이오생약 안전성 제고,8744000000,,,,0,8744000000,,
식품의약품안전처,세출,일반회계,-,보건,식품의약안전,의료기기안전성제고,8667000000,,,,500000000,9167000000,,
식품의약품안전처,세출,일반회계,-,보건,식품의약안전,과학적 안전관리 연구 및 허가심사 안전성 제고,99960000000,,,,0,99960000000,,
식품의약품안전처,세출,일반회계,-,보건,식품의약안전,지방청운영,8267000000,,,,0,8267000000,,
식품의약품안전처,세출,일반회계,-,보건,식품의약안전,식의약품행정지원,206397000000,,,,-19000000,206378000000,,
식품의약품안전처,세출,농어촌구조개선특별회계,구조개선사업계정,농림수산,농업.농촌,농축수산물 안전성 제고,2414000000,2414000000,2414000000,,0,2414000000,2414000000,
식품의약품안전처,세출,국가균형발전특별회계,지역지원계정,보건,식품의약안전,식품안전성제고,4351000000,4351000000,4480000000,,0,4351000000,4480000000,
식품의약품안전처,세출,국가균형발전특별회계,제주특별자치도계정,보건,식품의약안전,식품안전성제고,129000000,129000000,,,0,129000000,,
국가인권위원회,세출,일반회계,-,일반.지방행정,일반행정,인권보호 및 향상,36970000000,,36970000000,36970000000,-287000000,36683000000,36683000000,36683000000
방송통신위원회,세출,일반회계,-,통신,방송통신,방송통신인터넷환경조성,28633000000,,62922000000,62922000000,0,28633000000,62772000000,62772000000
방송통신위원회,세출,일반회계,-,통신,방송통신,방송통신행정지원,34289000000,,,,-150000000,34139000000,,
공정거래위원회,세출,일반회계,-,일반.지방행정,일반행정,경쟁촉진,14131000000,,131459000000,131459000000,-533000000,13598000000,131295000000,131295000000
공정거래위원회,세출,일반회계,-,일반.지방행정,일반행정,중소기업 경쟁여건 개선,1497000000,,,,232000000,1729000000,,
공정거래위원회,세출,일반회계,-,일반.지방행정,일반행정,소비자후생 증진,51451000000,,,,415000000,51866000000,,
공정거래위원회,세출,일반회계,-,일반.지방행정,일반행정,공정거래 행정지원,64380000000,,,,-278000000,64102000000,,
금융위원회,세출,일반회계,-,일반.지방행정,재정.금융,금융정책,8000000000,,3102155000000,3102155000000,-105000000,7895000000,2992125000000,2992125000000
금융위원회,세출,일반회계,-,일반.지방행정,재정.금융,자금세탁방지시스템선진화,16543000000,,,,0,16543000000,,
금융위원회,세출,일반회계,-,일반.지방행정,재정.금융,금융산업글로벌화,2235000000,,,,75000000,2310000000,,
금융위원회,세출,일반회계,-,일반.지방행정,재정.금융,금융의 날 행사 및 저축장려,35475000000,,,,0,35475000000,,
금융위원회,세출,일반회계,-,일반.지방행정,재정.금융,금융소비자보호,232000000,,,,0,232000000,,
금융위원회,세출,일반회계,-,일반.지방행정,재정.금융,산업금융지원,600000000000,,,,-100000000000,500000000000,,
금융위원회,세출,일반회계,-,일반.지방행정,재정.금융,주택금융지원,100000000000,,,,-10000000000,90000000000,,
금융위원회,세출,일반회계,-,일반.지방행정,재정.금융,금융행정효율화,39670000000,,,,0,39670000000,,
금융위원회,세출,일반회계,-,일반.지방행정,재정.금융,회계기금간거래(전출금),2100000000000,,,,0,2100000000000,,
금융위원회,세출,일반회계,-,산업.중소기업및에너지,산업금융지원,산업금융지원,200000000000,,,,0,200000000000,,
국민권익위원회,세출,일반회계,-,일반.지방행정,일반행정,국민권익증진,88310000000,,88310000000,88310000000,-812000000,87498000000,87498000000,87498000000
원자력안전위원회,세출,일반회계,-,과학기술,과학기술연구지원,출연연구기관지원,43533000000,,107183000000,107183000000,0,43533000000,107131000000,107131000000
원자력안전위원회,세출,일반회계,-,과학기술,과학기술일반,원자력안전운영지원,16921000000,,,,0,16921000000,,
원자력안전위원회,세출,일반회계,-,과학기술,과학기술연구개발,원자력안전관리,13725000000,,,,-52000000,13673000000,,
원자력안전위원회,세출,일반회계,-,과학기술,과학기술연구개발,원자력안전연구,30841000000,,,,0,30841000000,,
원자력안전위원회,세출,일반회계,-,과학기술,과학기술연구개발,원자력안전 국제협력,2163000000,,,,0,2163000000,,
국세청,세출,일반회계,-,일반.지방행정,재정.금융,과세기반확충,7173000000,,1745158000000,1745158000000,210000000,7383000000,1744917000000,1744917000000
국세청,세출,일반회계,-,일반.지방행정,재정.금융,탈세대응강화,146306000000,,,,0,146306000000,,
국세청,세출,일반회계,-,일반.지방행정,재정.금융,체납.징수관리,53943000000,,,,0,53943000000,,
국세청,세출,일반회계,-,일반.지방행정,재정.금융,성실납세 및 민생지원,17475000000,,,,-2092000000,15383000000,,
국세청,세출,일반회계,-,일반.지방행정,재정.금융,국세행정지원,1503635000000,,,,1641000000,1505276000000,,
국세청,세출,일반회계,-,일반.지방행정,재정.금융,책임운영기관운영,16626000000,,,,0,16626000000,,
관세청,세출,일반회계,-,일반.지방행정,재정.금융,수출입통관,14882000000,,566060000000,566060000000,-368300000,14513700000,551334400000,551334400000
관세청,세출,일반회계,-,일반.지방행정,재정.금융,관세심사,6710000000,,,,-31300000,6678700000,,
관세청,세출,일반회계,-,일반.지방행정,재정.금융,밀수감시단속,35719000000,,,,-115000000,35604000000,,
관세청,세출,일반회계,-,일반.지방행정,재정.금융,정보화및국제협력,69162000000,,,,-1000000000,68162000000,,
관세청,세출,일반회계,-,일반.지방행정,재정.금융,관세행정지원,429354000000,,,,-13211000000,416143000000,,
관세청,세출,일반회계,-,일반.지방행정,재정.금융,관세국경관리연수원,10233000000,,,,0,10233000000,,
조달청,세출,조달특별회계,손익계정,일반.지방행정,일반행정,전자조달 및 국유재산 관리,26445000000,,240446000000,390490000000,0,26445000000,242306000000,394210000000
조달청,세출,조달특별회계,손익계정,일반.지방행정,일반행정,조달사업 운영,10930000000,,,,0,10930000000,,
조달청,세출,조달특별회계,손익계정,일반.지방행정,일반행정,조달행정지원,92753000000,,,,0,92753000000,,
조달청,세출,조달특별회계,손익계정,일반.지방행정,일반행정,계정간거래,101830000000,,,,1860000000,103690000000,,
조달청,세출,조달특별회계,손익계정,일반.지방행정,일반행정,회계기금간 거래,8488000000,,,,0,8488000000,,
조달청,세출,조달특별회계,자본계정,일반.지방행정,일반행정,조달사업 운영,1410000000,,150044000000,,0,1410000000,151904000000,
조달청,세출,조달특별회계,자본계정,일반.지방행정,일반행정,조달행정지원,3627000000,,,,0,3627000000,,
조달청,세출,조달특별회계,자본계정,일반.지방행정,일반행정,회계간거래,145007000000,,,,1860000000,146867000000,,
통계청,세출,일반회계,-,일반.지방행정,일반행정,통계제도정비 및 통계전문교육,13072000000,,394628000000,394628000000,0,13072000000,382482000000,382482000000
통계청,세출,일반회계,-,일반.지방행정,일반행정,통계정보확충 및 서비스체계 개선,41589000000,,,,0,41589000000,,
통계청,세출,일반회계,-,일반.지방행정,일반행정,국가기본통계생산 및 지원,160698000000,,,,-12012000000,148686000000,,
통계청,세출,일반회계,-,일반.지방행정,일반행정,성과중심 책임운영기관운영,111391000000,,,,0,111391000000,,
통계청,세출,일반회계,-,일반.지방행정,일반행정,통계행정지원,67878000000,,,,-134000000,67744000000,,
병무청,세출,일반회계,-,국방,병무행정,병역자원선발,18412000000,,227495000000,227495000000,0,18412000000,228329000000,228329000000
병무청,세출,일반회계,-,국방,병무행정,병역자원충원,2058000000,,,,-81000000,1977000000,,
병무청,세출,일반회계,-,국방,병무행정,보충역복무지원,10663000000,,,,0,10663000000,,
병무청,세출,일반회계,-,국방,병무행정,병무행정지원,196362000000,,,,915000000,197277000000,,
방위사업청,세출,일반회계,-,국방,방위력개선,지휘정찰사업,1321069000000,,15373324000000,15373324000000,-28666000000,1292403000000,15373324000000,15373324000000
방위사업청,세출,일반회계,-,국방,방위력개선,기동화력사업,2226331000000,,,,-50955000000,2175376000000,,
방위사업청,세출,일반회계,-,국방,방위력개선,함정사업,2258944000000,,,,0,2258944000000,,
방위사업청,세출,일반회계,-,국방,방위력개선,항공기사업,5093029000000,,,,124790000000,5217819000000,,
방위사업청,세출,일반회계,-,국방,방위력개선,유도무기사업,2741901000000,,,,-42300000000,2699601000000,,
방위사업청,세출,일반회계,-,국방,방위력개선,방위사업정책지원,1608278000000,,,,-2869000000,1605409000000,,
방위사업청,세출,일반회계,-,국방,방위력개선,방위사업행정지원,115562000000,,,,0,115562000000,,
방위사업청,세출,일반회계,-,국방,방위력개선,내부거래지출,8210000000,,,,0,8210000000,,
경찰청,세출,일반회계,-,공공질서및안전,경찰,범죄예방및사회적약자보호,107392000000,,10963292000000,11048391000000,0,107392000000,10939083000000,11024182000000
경찰청,세출,일반회계,-,공공질서및안전,경찰,범죄수사활동,191952000000,,,,1340000000,193292000000,,
경찰청,세출,일반회계,-,공공질서및안전,경찰,교통안전.소통확보,289795000000,,,,-63000000,289732000000,,
경찰청,세출,일반회계,-,공공질서및안전,경찰,사회질서유지,245209000000,,,,-1635000000,243574000000,,
경찰청,세출,일반회계,-,공공질서및안전,경찰,국가안보확보,75056000000,,,,-173000000,74883000000,,
경찰청,세출,일반회계,-,공공질서및안전,경찰,전문경찰양성,61254000000,,,,1260000000,62514000000,,
경찰청,세출,일반회계,-,공공질서및안전,경찰,치안인프라구축,446855000000,,,,1746000000,448601000000,,
경찰청,세출,일반회계,-,공공질서및안전,경찰,경찰행정지원,9501945000000,,,,-26684000000,9475261000000,,
경찰청,세출,일반회계,-,공공질서및안전,경찰,회계간거래(전출금),43834000000,,,,0,43834000000,,
경찰청,세출,국가균형발전특별회계,제주특별자치도계정,공공질서및안전,경찰,경찰행정지원,4267000000,4267000000,4267000000,,0,4267000000,4267000000,
경찰청,세출,책임운영기관특별회계,경찰병원손익계정,공공질서및안전,경찰,경찰병원운영,73605000000,78291000000,80832000000,,0,73605000000,80832000000,
경찰청,세출,책임운영기관특별회계,경찰병원손익계정,공공질서및안전,경찰,계정간거래(전출금),2000000,,,,0,2000000,,
경찰청,세출,책임운영기관특별회계,경찰병원손익계정,공공질서및안전,경찰,회계기금간거래(공무원연금부담금),4684000000,,,,0,4684000000,,
경찰청,세출,책임운영기관특별회계,경찰병원자본계정,공공질서및안전,경찰,경찰병원운영,2541000000,2541000000,,,0,2541000000,,
소방청,세출,일반회계,-,공공질서및안전,재난관리,소방정책지원,153384000000,,220576000000,220576000000,-617000000,152767000000,219720000000,219720000000
소방청,세출,일반회계,-,공공질서및안전,재난관리,소방행정지원,67192000000,,,,-239000000,66953000000,,
문화재청,세출,일반회계,-,문화및관광,문화재,문화재정책기반구축,41468000000,,731261000000,755808000000,200000000,41668000000,757503000000,782050000000
문화재청,세출,일반회계,-,문화및관광,문화재,문화유산교육연구,30063000000,,,,1350000000,31413000000,,
문화재청,세출,일반회계,-,문화및관광,문화재,문화재보존관리,368910000000,,,,15600000000,384510000000,,
문화재청,세출,일반회계,-,문화및관광,문화재,궁능원관리,77212000000,,,,1200000000,78412000000,,
문화재청,세출,일반회계,-,문화및관광,문화재,문화재보호,6476000000,,,,-600000000,5876000000,,
문화재청,세출,일반회계,-,문화및관광,문화재,문화재연구소운영,16395000000,,,,0,16395000000,,
문화재청,세출,일반회계,-,문화및관광,문화재,문화재국제교류,60317000000,,,,10592000000,70909000000,,
문화재청,세출,일반회계,-,문화및관광,문화재,문화재활용,58522000000,,,,-2000000000,56522000000,,
문화재청,세출,일반회계,-,문화및관광,문화재,해양문화재연구소운영,6373000000,,,,0,6373000000,,
문화재청,세출,일반회계,-,문화및관광,문화재,문화재행정지원,65525000000,,,,-100000000,65425000000,,
문화재청,세출,국가균형발전특별회계,지역자율계정,문화및관광,문화재,문화자원개발,24547000000,24547000000,24547000000,,0,24547000000,24547000000,
농촌진흥청,세출,일반회계,-,농림수산,농업.농촌,농업기초기반 및 실용화 기술개발,363183000000,,797800000000,936334000000,0,363183000000,801324000000,940458000000
농촌진흥청,세출,일반회계,-,농림수산,농업.농촌,농축산물 경쟁력 제고 기술개발,171268000000,,,,100000000,171368000000,,
농촌진흥청,세출,일반회계,-,농림수산,농업.농촌,농업신기술 보급,40989000000,,,,0,40989000000,,
농촌진흥청,세출,일반회계,-,농림수산,농업.농촌,지역농업특성화,22053000000,,,,3524000000,25577000000,,
농촌진흥청,세출,일반회계,-,농림수산,농업.농촌,농가경영능력 향상,56499000000,,,,-100000000,56399000000,,
농촌진흥청,세출,일반회계,-,농림수산,농업.농촌,전문인력양성,16925000000,,,,0,16925000000,,
농촌진흥청,세출,일반회계,-,농림수산,농업.농촌,기관운영 및 사업지원,126883000000,,,,0,126883000000,,
농촌진흥청,세출,농어촌구조개선특별회계,구조개선사업계정,농림수산,농업.농촌,농업기초기반 및 실용화 기술개발,26445000000,32478000000,32478000000,,600000000,27045000000,33078000000,
농촌진흥청,세출,농어촌구조개선특별회계,구조개선사업계정,농림수산,농업.농촌,지역농업특성화,2198000000,,,,0,2198000000,,
농촌진흥청,세출,농어촌구조개선특별회계,구조개선사업계정,농림수산,농업.농촌,전문인력양성,2675000000,,,,0,2675000000,,
농촌진흥청,세출,농어촌구조개선특별회계,구조개선사업계정,농림수산,농업.농촌,기관운영 및 사업지원,1160000000,,,,0,1160000000,,
농촌진흥청,세출,국가균형발전특별회계,지역자율계정,농림수산,농업.농촌,지역농업특성화,75076000000,75076000000,106056000000,,0,75076000000,106056000000,
농촌진흥청,세출,국가균형발전특별회계,지역지원계정,농림수산,농업.농촌,농업기초기반 및 실용화 기술개발,18142000000,25667000000,,,0,18142000000,,
농촌진흥청,세출,국가균형발전특별회계,지역지원계정,농림수산,농업.농촌,지역농업특성화,7525000000,,,,0,7525000000,,
농촌진흥청,세출,국가균형발전특별회계,제주특별자치도계정,농림수산,농업.농촌,농업기초기반 및 실용화 기술개발,1033000000,5313000000,,,0,1033000000,,
농촌진흥청,세출,국가균형발전특별회계,제주특별자치도계정,농림수산,농업.농촌,지역농업특성화,4280000000,,,,0,4280000000,,
산림청,세출,일반회계,-,농림수산,임업.산촌,국립수목원,79269000000,,1459651000000,2702367000000,27500000000,106769000000,1512070000000,2768051000000
산림청,세출,일반회계,-,농림수산,임업.산촌,산림과학기술개발(국립산림과학원),77119000000,,,,-100000000,77019000000,,
산림청,세출,일반회계,-,농림수산,임업.산촌,국제산림협력,29661000000,,,,-1627000000,28034000000,,
산림청,세출,일반회계,-,농림수산,임업.산촌,산림자원 및 산업육성,130817000000,,,,2400000000,133217000000,,
산림청,세출,일반회계,-,농림수산,임업.산촌,산림이용 및 복지증진,113637000000,,,,8923000000,122560000000,,
산림청,세출,일반회계,-,농림수산,임업.산촌,산림자원보호,389971000000,,,,5558000000,395529000000,,
산림청,세출,일반회계,-,농림수산,임업.산촌,산림행정지원,160854000000,,,,-260000000,160594000000,,
산림청,세출,일반회계,-,농림수산,임업.산촌,회계간거래,478323000000,,,,10025000000,488348000000,,
산림청,세출,농어촌구조개선특별회계,임업진흥사업계정,농림수산,임업.산촌,국제산림협력,5953000000,774350000000,774350000000,,0,5953000000,781375000000,
산림청,세출,농어촌구조개선특별회계,임업진흥사업계정,농림수산,임업.산촌,산림자원 및 산업육성,516694000000,,,,2350000000,519044000000,,
산림청,세출,농어촌구조개선특별회계,임업진흥사업계정,농림수산,임업.산촌,산림자원보호,93616000000,,,,4675000000,98291000000,,
산림청,세출,농어촌구조개선특별회계,임업진흥사업계정,농림수산,임업.산촌,산림행정지원,3571000000,,,,0,3571000000,,
산림청,세출,농어촌구조개선특별회계,임업진흥사업계정,농림수산,임업.산촌,회계간거래,154516000000,,,,0,154516000000,,
산림청,세출,에너지및자원사업특별회계,투자계정,농림수산,임업.산촌,산림이용 및 복지증진,39688000000,39688000000,39688000000,,500000000,40188000000,40188000000,
산림청,세출,국가균형발전특별회계,지역자율계정,농림수산,임업.산촌,산림자원 및 산업육성,104000000000,279843000000,359383000000,,0,104000000000,362123000000,
산림청,세출,국가균형발전특별회계,지역자율계정,농림수산,임업.산촌,산림이용 및 복지증진,175843000000,,,,2000000000,177843000000,,
산림청,세출,국가균형발전특별회계,지역지원계정,농림수산,임업.산촌,산림자원 및 산업육성,67965000000,72479000000,,,0,67965000000,,
산림청,세출,국가균형발전특별회계,지역지원계정,농림수산,임업.산촌,산림이용 및 복지증진,4514000000,,,,740000000,5254000000,,
산림청,세출,국가균형발전특별회계,제주특별자치도계정,농림수산,임업.산촌,산림자원 및 산업육성,1301000000,5586000000,,,0,1301000000,,
산림청,세출,국가균형발전특별회계,제주특별자치도계정,농림수산,임업.산촌,산림이용 및 복지증진,4285000000,,,,0,4285000000,,
산림청,세출,국가균형발전특별회계,세종특별자치시계정,농림수산,임업.산촌,산림자원 및 산업육성,616000000,1475000000,,,0,616000000,,
산림청,세출,국가균형발전특별회계,세종특별자치시계정,농림수산,임업.산촌,산림이용 및 복지증진,859000000,,,,0,859000000,,
산림청,세출,책임운영기관특별회계,국립자연휴양림관리소손익계정,농림수산,임업.산촌,국립자연휴양림기반조성,29115000000,30296000000,69295000000,,0,29115000000,72295000000,
산림청,세출,책임운영기관특별회계,국립자연휴양림관리소손익계정,농림수산,임업.산촌,회계기금간거래,1179000000,,,,0,1179000000,,
산림청,세출,책임운영기관특별회계,국립자연휴양림관리소손익계정,농림수산,임업.산촌,계정간거래,2000000,,,,0,2000000,,
산림청,세출,책임운영기관특별회계,국립자연휴양림관리소자본계정,농림수산,임업.산촌,국립자연휴양림기반조성,38999000000,38999000000,,,3000000000,41999000000,,
특허청,세출,책임운영기관특별회계,특허청손익계정,산업.중소기업및에너지,산업.중소기업일반,지식재산행정종합지원,159222000000,528675000000,664125000000,664125000000,-635000000,158587000000,661550000000,661550000000
특허청,세출,책임운영기관특별회계,특허청손익계정,산업.중소기업및에너지,산업.중소기업일반,회계기금간 거래,14639000000,,,,0,14639000000,,
특허청,세출,책임운영기관특별회계,특허청손익계정,산업.중소기업및에너지,산업.중소기업일반,계정간거래,74918000000,,,,-2575000000,72343000000,,
특허청,세출,책임운영기관특별회계,특허청손익계정,산업.중소기업및에너지,지식재산일반,심사ᆞ심판서비스 제공,78575000000,,,,0,78575000000,,
특허청,세출,책임운영기관특별회계,특허청손익계정,산업.중소기업및에너지,지식재산일반,지식재산 창출기반 강화,94913000000,,,,3210000000,98123000000,,
특허청,세출,책임운영기관특별회계,특허청손익계정,산업.중소기업및에너지,지식재산일반,국내외지식재산권보호및활용촉진,68489000000,,,,0,68489000000,,
특허청,세출,책임운영기관특별회계,특허청손익계정,산업.중소기업및에너지,지식재산일반,지식재산행정정보화,37919000000,,,,0,37919000000,,
특허청,세출,책임운영기관특별회계,특허청자본계정,산업.중소기업및에너지,산업.중소기업일반,지식재산행정종합지원,844000000,135450000000,,,0,844000000,,
특허청,세출,책임운영기관특별회계,특허청자본계정,산업.중소기업및에너지,산업.중소기업일반,회계간 거래[전출금],90085000000,,,,-2575000000,87510000000,,
특허청,세출,책임운영기관특별회계,특허청자본계정,산업.중소기업및에너지,산업.중소기업일반,회계기금간거래(예탁금),42826000000,,,,0,42826000000,,
특허청,세출,책임운영기관특별회계,특허청자본계정,산업.중소기업및에너지,지식재산일반,지식재산 창출기반 강화,496000000,,,,0,496000000,,
특허청,세출,책임운영기관특별회계,특허청자본계정,산업.중소기업및에너지,지식재산일반,지식재산행정정보화,1199000000,,,,0,1199000000,,
기상청,세출,일반회계,-,과학기술,과학기술일반,기상예보,7312000000,,385694000000,385694000000,0,7312000000,388191000000,388191000000
기상청,세출,일반회계,-,과학기술,과학기술일반,기상관측,89337000000,,,,0,89337000000,,
기상청,세출,일반회계,-,과학기술,과학기술일반,기후변화 과학,28870000000,,,,-661000000,28209000000,,
기상청,세출,일반회계,-,과학기술,과학기술일반,기상서비스 진흥,15345000000,,,,2908000000,18253000000,,
기상청,세출,일반회계,-,과학기술,과학기술일반,기상연구,72362000000,,,,-47000000,72315000000,,
기상청,세출,일반회계,-,과학기술,과학기술일반,책임행정기관 운영,44503000000,,,,0,44503000000,,
기상청,세출,일반회계,-,과학기술,과학기술일반,국제협력교육홍보,9998000000,,,,0,9998000000,,
기상청,세출,일반회계,-,과학기술,과학기술일반,기상행정 지원,117967000000,,,,297000000,118264000000,,
행정중심복합도시건설청,세출,일반회계,-,국토및지역개발,지역및도시,전출금,243098000000,,243098000000,526029000000,16806000000,259904000000,259904000000,559641000000
행정중심복합도시건설청,세출,행정중심복합도시특별회계,-,국토및지역개발,지역및도시,행정중심복합도시건설 운영,20087000000,,282931000000,,636000000,20723000000,299737000000,
행정중심복합도시건설청,세출,행정중심복합도시특별회계,-,국토및지역개발,지역및도시,행정중심복합도시건설,261628000000,,,,16170000000,277798000000,,
행정중심복합도시건설청,세출,행정중심복합도시특별회계,-,국토및지역개발,지역및도시,회계기금간거래(연금부담금),1216000000,,,,0,1216000000,,
새만금개발청,세출,일반회계,-,국토및지역개발,지역및도시,새만금 개발,182943000000,,215134000000,215134000000,27500000000,210443000000,256181000000,256181000000
새만금개발청,세출,일반회계,-,국토및지역개발,지역및도시,새만금개발 행정지원,32191000000,,,,13547000000,45738000000,,
해양경찰청,세출,일반회계,-,공공질서및안전,해경,구조안전활동,66961000000,,1368725000000,1368725000000,2300000000,69261000000,1373216500000,1373216500000
해양경찰청,세출,일반회계,-,공공질서및안전,해경,해양경비체계강화,303580000000,,,,5145500000,308725500000,,
해양경찰청,세출,일반회계,-,공공질서및안전,해경,정비창운영,29938000000,,,,0,29938000000,,
해양경찰청,세출,일반회계,-,공공질서및안전,해경,해양경찰행정지원,954791000000,,,,-2954000000,951837000000,,
해양경찰청,세출,일반회계,-,환경,해양환경,해양오염관리,13455000000,,,,0,13455000000,,
가습기살균제사건과 4.16세월호참사 특별조사위원회 소관,세출,일반회계,-,일반․지방행정,일반행정,사회적참사 조사,0,,0,0,8413000000,8413000000,20785000000,20785000000
가습기살균제사건과 4.16세월호참사 특별조사위원회 소관,세출,일반회계,-,일반․지방행정,일반행정,기관운영,0,,,,12372000000,12372000000,,